device=mps  folds=[1, 2, 3, 4]  images=702  annotations=1602
  fold 1: 562 train / 140 val images @ short_side=640
  target contract OK: masks (2, 640, 1138), boxes (2, 4), labels [1, 2] (num_classes=3)
    epoch 1/12 step 20/281 loss=1.1241 [box_reg=0.143 classifier=0.300 mask=0.588 objectness=0.080 rpn_box_reg=0.013] 0.40 it/s eta 10.9 min
    epoch 1/12 step 40/281 loss=0.9346 [box_reg=0.189 classifier=0.246 mask=0.436 objectness=0.052 rpn_box_reg=0.012] 0.34 it/s eta 11.8 min
    epoch 1/12 step 60/281 loss=0.8730 [box_reg=0.214 classifier=0.230 mask=0.378 objectness=0.041 rpn_box_reg=0.011] 0.33 it/s eta 11.3 min
    epoch 1/12 step 80/281 loss=0.8156 [box_reg=0.215 classifier=0.212 mask=0.347 objectness=0.033 rpn_box_reg=0.009] 0.32 it/s eta 10.4 min
    epoch 1/12 step 100/281 loss=0.7913 [box_reg=0.216 classifier=0.210 mask=0.328 objectness=0.029 rpn_box_reg=0.009] 0.32 it/s eta 9.4 min
    epoch 1/12 step 120/281 loss=0.7665 [box_reg=0.215 classifier=0.205 mask=0.313 objectness=0.026 rpn_box_reg=0.008] 0.32 it/s eta 8.5 min
    epoch 1/12 step 140/281 loss=0.7424 [box_reg=0.210 classifier=0.201 mask=0.300 objectness=0.023 rpn_box_reg=0.008] 0.31 it/s eta 7.5 min
    epoch 1/12 step 160/281 loss=0.7264 [box_reg=0.206 classifier=0.199 mask=0.293 objectness=0.022 rpn_box_reg=0.008] 0.31 it/s eta 6.5 min
    epoch 1/12 step 180/281 loss=0.7084 [box_reg=0.200 classifier=0.195 mask=0.285 objectness=0.021 rpn_box_reg=0.007] 0.31 it/s eta 5.4 min
    epoch 1/12 step 200/281 loss=0.6983 [box_reg=0.199 classifier=0.194 mask=0.278 objectness=0.020 rpn_box_reg=0.007] 0.31 it/s eta 4.3 min
    epoch 1/12 step 220/281 loss=0.6854 [box_reg=0.196 classifier=0.191 mask=0.273 objectness=0.019 rpn_box_reg=0.007] 0.31 it/s eta 3.3 min
    epoch 1/12 step 240/281 loss=0.6717 [box_reg=0.192 classifier=0.187 mask=0.268 objectness=0.018 rpn_box_reg=0.007] 0.31 it/s eta 2.2 min
    epoch 1/12 step 260/281 loss=0.6587 [box_reg=0.188 classifier=0.183 mask=0.264 objectness=0.017 rpn_box_reg=0.007] 0.31 it/s eta 1.1 min
    epoch 1/12 step 280/281 loss=0.6499 [box_reg=0.186 classifier=0.181 mask=0.260 objectness=0.016 rpn_box_reg=0.006] 0.31 it/s eta 0.1 min
  fold 1 epoch 1/12 done in 918s, mean loss 0.6495 [box_reg=0.1860 classifier=0.1810 mask=0.2598 objectness=0.0163 rpn_box_reg=0.0064]
  fold 1 checkpoint saved -> fold1.pt (epoch 1)
    epoch 2/12 step 20/281 loss=0.4918 [box_reg=0.138 classifier=0.137 mask=0.210 objectness=0.003 rpn_box_reg=0.004] 0.31 it/s eta 14.0 min
    epoch 2/12 step 40/281 loss=0.4915 [box_reg=0.142 classifier=0.140 mask=0.203 objectness=0.003 rpn_box_reg=0.004] 0.31 it/s eta 12.9 min
    epoch 2/12 step 60/281 loss=0.4875 [box_reg=0.142 classifier=0.141 mask=0.198 objectness=0.003 rpn_box_reg=0.004] 0.30 it/s eta 12.2 min
    epoch 2/12 step 80/281 loss=0.4950 [box_reg=0.143 classifier=0.141 mask=0.205 objectness=0.003 rpn_box_reg=0.004] 0.30 it/s eta 11.1 min
    epoch 2/12 step 100/281 loss=0.5008 [box_reg=0.145 classifier=0.144 mask=0.205 objectness=0.003 rpn_box_reg=0.004] 0.30 it/s eta 10.0 min
    epoch 2/12 step 120/281 loss=0.5044 [box_reg=0.147 classifier=0.146 mask=0.204 objectness=0.004 rpn_box_reg=0.004] 0.30 it/s eta 8.9 min
    epoch 2/12 step 140/281 loss=0.5039 [box_reg=0.147 classifier=0.144 mask=0.204 objectness=0.004 rpn_box_reg=0.004] 0.30 it/s eta 7.8 min
    epoch 2/12 step 160/281 loss=0.5015 [box_reg=0.146 classifier=0.142 mask=0.204 objectness=0.005 rpn_box_reg=0.004] 0.30 it/s eta 6.8 min
    epoch 2/12 step 180/281 loss=0.5009 [box_reg=0.145 classifier=0.141 mask=0.205 objectness=0.005 rpn_box_reg=0.004] 0.30 it/s eta 5.7 min
    epoch 2/12 step 200/281 loss=0.4944 [box_reg=0.142 classifier=0.138 mask=0.206 objectness=0.005 rpn_box_reg=0.004] 0.30 it/s eta 4.5 min
    epoch 2/12 step 220/281 loss=0.4959 [box_reg=0.144 classifier=0.138 mask=0.205 objectness=0.005 rpn_box_reg=0.004] 0.29 it/s eta 3.5 min
    epoch 2/12 step 240/281 loss=0.4955 [box_reg=0.143 classifier=0.139 mask=0.205 objectness=0.005 rpn_box_reg=0.004] 0.29 it/s eta 2.4 min
    epoch 2/12 step 260/281 loss=0.4927 [box_reg=0.142 classifier=0.138 mask=0.204 objectness=0.005 rpn_box_reg=0.004] 0.29 it/s eta 1.2 min
    epoch 2/12 step 280/281 loss=0.4928 [box_reg=0.141 classifier=0.139 mask=0.205 objectness=0.005 rpn_box_reg=0.004] 0.29 it/s eta 0.1 min
  fold 1 epoch 2/12 done in 985s, mean loss 0.4927 [box_reg=0.1405 classifier=0.1385 mask=0.2049 objectness=0.0047 rpn_box_reg=0.0041]
  fold 1 checkpoint saved -> fold1.pt (epoch 2)
    epoch 3/12 step 20/281 loss=0.4710 [box_reg=0.126 classifier=0.134 mask=0.202 objectness=0.005 rpn_box_reg=0.004] 0.30 it/s eta 14.7 min
    epoch 3/12 step 40/281 loss=0.4607 [box_reg=0.124 classifier=0.131 mask=0.198 objectness=0.004 rpn_box_reg=0.004] 0.30 it/s eta 13.4 min
    epoch 3/12 step 60/281 loss=0.4442 [box_reg=0.120 classifier=0.123 mask=0.194 objectness=0.003 rpn_box_reg=0.003] 0.29 it/s eta 12.5 min
    epoch 3/12 step 80/281 loss=0.4360 [box_reg=0.115 classifier=0.119 mask=0.196 objectness=0.003 rpn_box_reg=0.003] 0.29 it/s eta 11.5 min
    epoch 3/12 step 100/281 loss=0.4336 [box_reg=0.114 classifier=0.118 mask=0.195 objectness=0.003 rpn_box_reg=0.003] 0.29 it/s eta 10.4 min
    epoch 3/12 step 120/281 loss=0.4336 [box_reg=0.115 classifier=0.118 mask=0.194 objectness=0.003 rpn_box_reg=0.003] 0.28 it/s eta 9.5 min
    epoch 3/12 step 140/281 loss=0.4357 [box_reg=0.118 classifier=0.118 mask=0.194 objectness=0.003 rpn_box_reg=0.003] 0.28 it/s eta 8.4 min
    epoch 3/12 step 160/281 loss=0.4387 [box_reg=0.121 classifier=0.119 mask=0.192 objectness=0.003 rpn_box_reg=0.003] 0.28 it/s eta 7.2 min
    epoch 3/12 step 180/281 loss=0.4395 [box_reg=0.122 classifier=0.120 mask=0.192 objectness=0.003 rpn_box_reg=0.003] 0.28 it/s eta 6.1 min
    epoch 3/12 step 200/281 loss=0.4352 [box_reg=0.120 classifier=0.118 mask=0.191 objectness=0.003 rpn_box_reg=0.003] 0.27 it/s eta 4.9 min
    epoch 3/12 step 220/281 loss=0.4329 [box_reg=0.119 classifier=0.117 mask=0.192 objectness=0.003 rpn_box_reg=0.003] 0.27 it/s eta 3.8 min
    epoch 3/12 step 240/281 loss=0.4285 [box_reg=0.117 classifier=0.115 mask=0.191 objectness=0.003 rpn_box_reg=0.003] 0.27 it/s eta 2.5 min
    epoch 3/12 step 260/281 loss=0.4310 [box_reg=0.118 classifier=0.115 mask=0.192 objectness=0.003 rpn_box_reg=0.003] 0.27 it/s eta 1.3 min
    epoch 3/12 step 280/281 loss=0.4290 [box_reg=0.117 classifier=0.114 mask=0.192 objectness=0.003 rpn_box_reg=0.003] 0.27 it/s eta 0.1 min
  fold 1 epoch 3/12 done in 1046s, mean loss 0.4291 [box_reg=0.1168 classifier=0.1140 mask=0.1924 objectness=0.0029 rpn_box_reg=0.0031]
  fold 1 checkpoint saved -> fold1.pt (epoch 3)
    epoch 4/12 step 20/281 loss=0.3753 [box_reg=0.102 classifier=0.085 mask=0.186 objectness=0.001 rpn_box_reg=0.002] 0.26 it/s eta 16.6 min
    epoch 4/12 step 40/281 loss=0.3732 [box_reg=0.098 classifier=0.085 mask=0.186 objectness=0.002 rpn_box_reg=0.002] 0.26 it/s eta 15.5 min
    epoch 4/12 step 60/281 loss=0.3858 [box_reg=0.103 classifier=0.090 mask=0.188 objectness=0.002 rpn_box_reg=0.002] 0.25 it/s eta 14.7 min
    epoch 4/12 step 80/281 loss=0.3887 [box_reg=0.104 classifier=0.092 mask=0.188 objectness=0.002 rpn_box_reg=0.002] 0.26 it/s eta 13.1 min
    epoch 4/12 step 100/281 loss=0.3902 [box_reg=0.104 classifier=0.095 mask=0.187 objectness=0.002 rpn_box_reg=0.002] 0.25 it/s eta 12.0 min
    epoch 4/12 step 120/281 loss=0.3907 [box_reg=0.103 classifier=0.096 mask=0.187 objectness=0.002 rpn_box_reg=0.002] 0.25 it/s eta 10.8 min
    epoch 4/12 step 140/281 loss=0.3907 [box_reg=0.103 classifier=0.096 mask=0.187 objectness=0.002 rpn_box_reg=0.002] 0.25 it/s eta 9.5 min
    epoch 4/12 step 160/281 loss=0.3882 [box_reg=0.102 classifier=0.095 mask=0.187 objectness=0.002 rpn_box_reg=0.003] 0.24 it/s eta 8.3 min
    epoch 4/12 step 180/281 loss=0.3879 [box_reg=0.102 classifier=0.095 mask=0.185 objectness=0.002 rpn_box_reg=0.003] 0.24 it/s eta 7.0 min
    epoch 4/12 step 200/281 loss=0.3904 [box_reg=0.103 classifier=0.097 mask=0.185 objectness=0.002 rpn_box_reg=0.003] 0.24 it/s eta 5.6 min
    epoch 4/12 step 220/281 loss=0.3908 [box_reg=0.104 classifier=0.098 mask=0.185 objectness=0.002 rpn_box_reg=0.003] 0.24 it/s eta 4.2 min
    epoch 4/12 step 240/281 loss=0.3898 [box_reg=0.103 classifier=0.097 mask=0.185 objectness=0.002 rpn_box_reg=0.003] 0.24 it/s eta 2.8 min
    epoch 4/12 step 260/281 loss=0.3860 [box_reg=0.102 classifier=0.096 mask=0.183 objectness=0.002 rpn_box_reg=0.003] 0.24 it/s eta 1.4 min
    epoch 4/12 step 280/281 loss=0.3866 [box_reg=0.102 classifier=0.096 mask=0.184 objectness=0.002 rpn_box_reg=0.003] 0.25 it/s eta 0.1 min
  fold 1 epoch 4/12 done in 1128s, mean loss 0.3866 [box_reg=0.1019 classifier=0.0964 mask=0.1836 objectness=0.0022 rpn_box_reg=0.0026]
  fold 1 checkpoint saved -> fold1.pt (epoch 4)
    epoch 5/12 step 20/281 loss=0.3420 [box_reg=0.087 classifier=0.080 mask=0.172 objectness=0.001 rpn_box_reg=0.002] 0.32 it/s eta 13.7 min
    epoch 5/12 step 40/281 loss=0.3443 [box_reg=0.088 classifier=0.077 mask=0.175 objectness=0.001 rpn_box_reg=0.002] 0.30 it/s eta 13.2 min
    epoch 5/12 step 60/281 loss=0.3378 [box_reg=0.083 classifier=0.076 mask=0.175 objectness=0.001 rpn_box_reg=0.002] 0.31 it/s eta 11.9 min
    epoch 5/12 step 80/281 loss=0.3450 [box_reg=0.089 classifier=0.078 mask=0.175 objectness=0.001 rpn_box_reg=0.002] 0.31 it/s eta 10.7 min
    epoch 5/12 step 100/281 loss=0.3538 [box_reg=0.092 classifier=0.081 mask=0.177 objectness=0.001 rpn_box_reg=0.002] 0.31 it/s eta 9.6 min
    epoch 5/12 step 120/281 loss=0.3598 [box_reg=0.093 classifier=0.085 mask=0.179 objectness=0.001 rpn_box_reg=0.002] 0.31 it/s eta 8.5 min
    epoch 5/12 step 140/281 loss=0.3568 [box_reg=0.092 classifier=0.084 mask=0.178 objectness=0.001 rpn_box_reg=0.002] 0.31 it/s eta 7.6 min
    epoch 5/12 step 160/281 loss=0.3551 [box_reg=0.091 classifier=0.082 mask=0.179 objectness=0.001 rpn_box_reg=0.002] 0.31 it/s eta 6.5 min
    epoch 5/12 step 180/281 loss=0.3559 [box_reg=0.092 classifier=0.082 mask=0.179 objectness=0.001 rpn_box_reg=0.002] 0.31 it/s eta 5.4 min
    epoch 5/12 step 200/281 loss=0.3549 [box_reg=0.091 classifier=0.081 mask=0.179 objectness=0.001 rpn_box_reg=0.002] 0.31 it/s eta 4.3 min
    epoch 5/12 step 220/281 loss=0.3559 [box_reg=0.091 classifier=0.080 mask=0.181 objectness=0.001 rpn_box_reg=0.002] 0.31 it/s eta 3.2 min
    epoch 5/12 step 240/281 loss=0.3572 [box_reg=0.092 classifier=0.082 mask=0.180 objectness=0.001 rpn_box_reg=0.002] 0.31 it/s eta 2.2 min
    epoch 5/12 step 260/281 loss=0.3550 [box_reg=0.091 classifier=0.081 mask=0.180 objectness=0.001 rpn_box_reg=0.002] 0.31 it/s eta 1.1 min
    epoch 5/12 step 280/281 loss=0.3543 [box_reg=0.091 classifier=0.080 mask=0.180 objectness=0.001 rpn_box_reg=0.002] 0.31 it/s eta 0.1 min
  fold 1 epoch 5/12 done in 896s, mean loss 0.3546 [box_reg=0.0908 classifier=0.0807 mask=0.1794 objectness=0.0014 rpn_box_reg=0.0022]
  fold 1 checkpoint saved -> fold1.pt (epoch 5)
    epoch 6/12 step 20/281 loss=0.3198 [box_reg=0.075 classifier=0.060 mask=0.182 objectness=0.001 rpn_box_reg=0.002] 0.33 it/s eta 13.3 min
    epoch 6/12 step 40/281 loss=0.3151 [box_reg=0.074 classifier=0.063 mask=0.175 objectness=0.001 rpn_box_reg=0.002] 0.32 it/s eta 12.4 min
    epoch 6/12 step 60/281 loss=0.3218 [box_reg=0.078 classifier=0.068 mask=0.173 objectness=0.001 rpn_box_reg=0.002] 0.33 it/s eta 11.3 min
    epoch 6/12 step 80/281 loss=0.3308 [box_reg=0.080 classifier=0.072 mask=0.176 objectness=0.001 rpn_box_reg=0.002] 0.32 it/s eta 10.6 min
    epoch 6/12 step 100/281 loss=0.3275 [box_reg=0.079 classifier=0.071 mask=0.176 objectness=0.001 rpn_box_reg=0.002] 0.32 it/s eta 9.5 min
    epoch 6/12 step 120/281 loss=0.3257 [box_reg=0.078 classifier=0.068 mask=0.177 objectness=0.001 rpn_box_reg=0.002] 0.31 it/s eta 8.6 min
    epoch 6/12 step 140/281 loss=0.3229 [box_reg=0.077 classifier=0.067 mask=0.176 objectness=0.001 rpn_box_reg=0.002] 0.31 it/s eta 7.6 min
    epoch 6/12 step 160/281 loss=0.3246 [box_reg=0.078 classifier=0.068 mask=0.176 objectness=0.001 rpn_box_reg=0.002] 0.31 it/s eta 6.6 min
    epoch 6/12 step 180/281 loss=0.3238 [box_reg=0.078 classifier=0.067 mask=0.176 objectness=0.001 rpn_box_reg=0.002] 0.30 it/s eta 5.6 min
    epoch 6/12 step 200/281 loss=0.3209 [box_reg=0.077 classifier=0.066 mask=0.175 objectness=0.001 rpn_box_reg=0.002] 0.30 it/s eta 4.5 min
    epoch 6/12 step 220/281 loss=0.3210 [box_reg=0.077 classifier=0.066 mask=0.175 objectness=0.001 rpn_box_reg=0.002] 0.30 it/s eta 3.4 min
    epoch 6/12 step 240/281 loss=0.3192 [box_reg=0.076 classifier=0.065 mask=0.175 objectness=0.001 rpn_box_reg=0.002] 0.30 it/s eta 2.3 min
    epoch 6/12 step 260/281 loss=0.3183 [box_reg=0.076 classifier=0.064 mask=0.175 objectness=0.001 rpn_box_reg=0.002] 0.30 it/s eta 1.2 min
    epoch 6/12 step 280/281 loss=0.3200 [box_reg=0.077 classifier=0.065 mask=0.175 objectness=0.001 rpn_box_reg=0.002] 0.30 it/s eta 0.1 min
  fold 1 epoch 6/12 done in 942s, mean loss 0.3197 [box_reg=0.0770 classifier=0.0650 mask=0.1749 objectness=0.0011 rpn_box_reg=0.0017]
  fold 1 checkpoint saved -> fold1.pt (epoch 6)
    epoch 7/12 step 20/281 loss=0.2969 [box_reg=0.070 classifier=0.050 mask=0.174 objectness=0.001 rpn_box_reg=0.002] 0.31 it/s eta 14.1 min
    epoch 7/12 step 40/281 loss=0.2870 [box_reg=0.068 classifier=0.045 mask=0.172 objectness=0.001 rpn_box_reg=0.001] 0.31 it/s eta 12.8 min
    epoch 7/12 step 60/281 loss=0.2835 [box_reg=0.065 classifier=0.044 mask=0.173 objectness=0.001 rpn_box_reg=0.001] 0.32 it/s eta 11.6 min
    epoch 7/12 step 80/281 loss=0.2850 [box_reg=0.065 classifier=0.048 mask=0.169 objectness=0.001 rpn_box_reg=0.001] 0.32 it/s eta 10.6 min
    epoch 7/12 step 100/281 loss=0.2809 [box_reg=0.063 classifier=0.047 mask=0.168 objectness=0.001 rpn_box_reg=0.001] 0.31 it/s eta 9.7 min
    epoch 7/12 step 120/281 loss=0.2862 [box_reg=0.064 classifier=0.049 mask=0.170 objectness=0.001 rpn_box_reg=0.001] 0.31 it/s eta 8.6 min
    epoch 7/12 step 140/281 loss=0.2859 [box_reg=0.064 classifier=0.050 mask=0.169 objectness=0.001 rpn_box_reg=0.001] 0.31 it/s eta 7.5 min
    epoch 7/12 step 160/281 loss=0.2855 [box_reg=0.064 classifier=0.049 mask=0.170 objectness=0.001 rpn_box_reg=0.001] 0.31 it/s eta 6.4 min
    epoch 7/12 step 180/281 loss=0.2832 [box_reg=0.063 classifier=0.049 mask=0.169 objectness=0.001 rpn_box_reg=0.001] 0.31 it/s eta 5.4 min
    epoch 7/12 step 200/281 loss=0.2859 [box_reg=0.064 classifier=0.050 mask=0.170 objectness=0.001 rpn_box_reg=0.001] 0.31 it/s eta 4.3 min
    epoch 7/12 step 220/281 loss=0.2863 [box_reg=0.064 classifier=0.050 mask=0.171 objectness=0.001 rpn_box_reg=0.001] 0.31 it/s eta 3.3 min
    epoch 7/12 step 240/281 loss=0.2849 [box_reg=0.063 classifier=0.049 mask=0.170 objectness=0.001 rpn_box_reg=0.001] 0.31 it/s eta 2.2 min
    epoch 7/12 step 260/281 loss=0.2874 [box_reg=0.064 classifier=0.050 mask=0.170 objectness=0.001 rpn_box_reg=0.001] 0.31 it/s eta 1.1 min
    epoch 7/12 step 280/281 loss=0.2864 [box_reg=0.064 classifier=0.050 mask=0.170 objectness=0.001 rpn_box_reg=0.001] 0.31 it/s eta 0.1 min
  fold 1 epoch 7/12 done in 903s, mean loss 0.2863 [box_reg=0.0638 classifier=0.0502 mask=0.1702 objectness=0.0007 rpn_box_reg=0.0014]
  fold 1 checkpoint saved -> fold1.pt (epoch 7)
    epoch 8/12 step 20/281 loss=0.2692 [box_reg=0.056 classifier=0.047 mask=0.163 objectness=0.001 rpn_box_reg=0.001] 0.26 it/s eta 16.4 min
    epoch 8/12 step 40/281 loss=0.2675 [box_reg=0.060 classifier=0.044 mask=0.162 objectness=0.001 rpn_box_reg=0.001] 0.27 it/s eta 15.0 min
    epoch 8/12 step 60/281 loss=0.2685 [box_reg=0.059 classifier=0.043 mask=0.165 objectness=0.001 rpn_box_reg=0.001] 0.27 it/s eta 13.8 min
    epoch 8/12 step 80/281 loss=0.2667 [box_reg=0.056 classifier=0.043 mask=0.166 objectness=0.001 rpn_box_reg=0.001] 0.27 it/s eta 12.6 min
    epoch 8/12 step 100/281 loss=0.2688 [box_reg=0.057 classifier=0.044 mask=0.166 objectness=0.001 rpn_box_reg=0.001] 0.27 it/s eta 11.3 min
    epoch 8/12 step 120/281 loss=0.2708 [box_reg=0.058 classifier=0.045 mask=0.166 objectness=0.001 rpn_box_reg=0.001] 0.26 it/s eta 10.1 min
    epoch 8/12 step 140/281 loss=0.2677 [box_reg=0.056 classifier=0.044 mask=0.166 objectness=0.001 rpn_box_reg=0.001] 0.26 it/s eta 8.9 min
    epoch 8/12 step 160/281 loss=0.2663 [box_reg=0.055 classifier=0.043 mask=0.167 objectness=0.001 rpn_box_reg=0.001] 0.27 it/s eta 7.6 min
    epoch 8/12 step 180/281 loss=0.2647 [box_reg=0.054 classifier=0.042 mask=0.166 objectness=0.001 rpn_box_reg=0.001] 0.27 it/s eta 6.3 min
    epoch 8/12 step 200/281 loss=0.2638 [box_reg=0.054 classifier=0.041 mask=0.166 objectness=0.001 rpn_box_reg=0.001] 0.27 it/s eta 5.0 min
    epoch 8/12 step 220/281 loss=0.2642 [box_reg=0.055 classifier=0.041 mask=0.167 objectness=0.001 rpn_box_reg=0.001] 0.27 it/s eta 3.8 min
    epoch 8/12 step 240/281 loss=0.2649 [box_reg=0.055 classifier=0.041 mask=0.167 objectness=0.001 rpn_box_reg=0.001] 0.27 it/s eta 2.6 min
    epoch 8/12 step 260/281 loss=0.2666 [box_reg=0.056 classifier=0.041 mask=0.168 objectness=0.001 rpn_box_reg=0.001] 0.27 it/s eta 1.3 min
    epoch 8/12 step 280/281 loss=0.2677 [box_reg=0.056 classifier=0.042 mask=0.168 objectness=0.001 rpn_box_reg=0.001] 0.27 it/s eta 0.1 min
  fold 1 epoch 8/12 done in 1053s, mean loss 0.2675 [box_reg=0.0561 classifier=0.0418 mask=0.1679 objectness=0.0005 rpn_box_reg=0.0012]
  fold 1 checkpoint saved -> fold1.pt (epoch 8)
    epoch 9/12 step 20/281 loss=0.2789 [box_reg=0.056 classifier=0.043 mask=0.178 objectness=0.001 rpn_box_reg=0.001] 0.26 it/s eta 16.6 min
    epoch 9/12 step 40/281 loss=0.2753 [box_reg=0.057 classifier=0.043 mask=0.174 objectness=0.001 rpn_box_reg=0.001] 0.27 it/s eta 14.9 min
    epoch 9/12 step 60/281 loss=0.2644 [box_reg=0.052 classifier=0.038 mask=0.173 objectness=0.001 rpn_box_reg=0.001] 0.27 it/s eta 13.5 min
    epoch 9/12 step 80/281 loss=0.2519 [box_reg=0.048 classifier=0.035 mask=0.168 objectness=0.001 rpn_box_reg=0.001] 0.28 it/s eta 12.1 min
    epoch 9/12 step 100/281 loss=0.2517 [box_reg=0.048 classifier=0.034 mask=0.168 objectness=0.001 rpn_box_reg=0.001] 0.28 it/s eta 10.9 min
    epoch 9/12 step 120/281 loss=0.2529 [box_reg=0.049 classifier=0.035 mask=0.167 objectness=0.001 rpn_box_reg=0.001] 0.28 it/s eta 9.5 min
    epoch 9/12 step 140/281 loss=0.2502 [box_reg=0.048 classifier=0.034 mask=0.166 objectness=0.001 rpn_box_reg=0.001] 0.29 it/s eta 8.2 min
    epoch 9/12 step 160/281 loss=0.2493 [box_reg=0.048 classifier=0.034 mask=0.167 objectness=0.000 rpn_box_reg=0.001] 0.29 it/s eta 7.0 min
    epoch 9/12 step 180/281 loss=0.2492 [box_reg=0.048 classifier=0.034 mask=0.166 objectness=0.001 rpn_box_reg=0.001] 0.29 it/s eta 5.8 min
    epoch 9/12 step 200/281 loss=0.2501 [box_reg=0.048 classifier=0.034 mask=0.167 objectness=0.001 rpn_box_reg=0.001] 0.29 it/s eta 4.7 min
    epoch 9/12 step 220/281 loss=0.2486 [box_reg=0.048 classifier=0.033 mask=0.166 objectness=0.001 rpn_box_reg=0.001] 0.29 it/s eta 3.5 min
    epoch 9/12 step 240/281 loss=0.2493 [box_reg=0.048 classifier=0.034 mask=0.166 objectness=0.001 rpn_box_reg=0.001] 0.29 it/s eta 2.4 min
    epoch 9/12 step 260/281 loss=0.2484 [box_reg=0.048 classifier=0.033 mask=0.166 objectness=0.001 rpn_box_reg=0.001] 0.29 it/s eta 1.2 min
    epoch 9/12 step 280/281 loss=0.2480 [box_reg=0.048 classifier=0.033 mask=0.166 objectness=0.001 rpn_box_reg=0.001] 0.29 it/s eta 0.1 min
  fold 1 epoch 9/12 done in 986s, mean loss 0.2482 [box_reg=0.0478 classifier=0.0333 mask=0.1656 objectness=0.0005 rpn_box_reg=0.0011]
  fold 1 checkpoint saved -> fold1.pt (epoch 9)
    epoch 10/12 step 20/281 loss=0.2308 [box_reg=0.042 classifier=0.027 mask=0.160 objectness=0.001 rpn_box_reg=0.001] 0.27 it/s eta 16.0 min
    epoch 10/12 step 40/281 loss=0.2361 [box_reg=0.043 classifier=0.028 mask=0.164 objectness=0.001 rpn_box_reg=0.001] 0.26 it/s eta 15.3 min
    epoch 10/12 step 60/281 loss=0.2336 [box_reg=0.043 classifier=0.026 mask=0.163 objectness=0.000 rpn_box_reg=0.001] 0.27 it/s eta 13.8 min
    epoch 10/12 step 80/281 loss=0.2297 [box_reg=0.040 classifier=0.026 mask=0.162 objectness=0.000 rpn_box_reg=0.001] 0.27 it/s eta 12.5 min
    epoch 10/12 step 100/281 loss=0.2298 [box_reg=0.040 classifier=0.026 mask=0.163 objectness=0.000 rpn_box_reg=0.001] 0.27 it/s eta 11.3 min
    epoch 10/12 step 120/281 loss=0.2304 [box_reg=0.040 classifier=0.026 mask=0.163 objectness=0.001 rpn_box_reg=0.001] 0.27 it/s eta 9.8 min
    epoch 10/12 step 140/281 loss=0.2314 [box_reg=0.039 classifier=0.027 mask=0.164 objectness=0.000 rpn_box_reg=0.001] 0.27 it/s eta 8.6 min
    epoch 10/12 step 160/281 loss=0.2322 [box_reg=0.040 classifier=0.026 mask=0.165 objectness=0.001 rpn_box_reg=0.001] 0.28 it/s eta 7.3 min
    epoch 10/12 step 180/281 loss=0.2320 [box_reg=0.040 classifier=0.026 mask=0.164 objectness=0.000 rpn_box_reg=0.001] 0.28 it/s eta 6.1 min
    epoch 10/12 step 200/281 loss=0.2315 [box_reg=0.040 classifier=0.026 mask=0.164 objectness=0.000 rpn_box_reg=0.001] 0.28 it/s eta 4.9 min
    epoch 10/12 step 220/281 loss=0.2316 [box_reg=0.040 classifier=0.026 mask=0.164 objectness=0.000 rpn_box_reg=0.001] 0.28 it/s eta 3.7 min
    epoch 10/12 step 240/281 loss=0.2313 [box_reg=0.040 classifier=0.027 mask=0.163 objectness=0.000 rpn_box_reg=0.001] 0.28 it/s eta 2.5 min
    epoch 10/12 step 260/281 loss=0.2321 [box_reg=0.040 classifier=0.027 mask=0.164 objectness=0.000 rpn_box_reg=0.001] 0.28 it/s eta 1.2 min
    epoch 10/12 step 280/281 loss=0.2319 [box_reg=0.040 classifier=0.027 mask=0.164 objectness=0.000 rpn_box_reg=0.001] 0.28 it/s eta 0.1 min
  fold 1 epoch 10/12 done in 1002s, mean loss 0.2319 [box_reg=0.0399 classifier=0.0270 mask=0.1636 objectness=0.0004 rpn_box_reg=0.0009]
  fold 1 checkpoint saved -> fold1.pt (epoch 10)
    epoch 11/12 step 20/281 loss=0.2258 [box_reg=0.037 classifier=0.022 mask=0.165 objectness=0.000 rpn_box_reg=0.001] 0.29 it/s eta 15.2 min
    epoch 11/12 step 40/281 loss=0.2218 [box_reg=0.036 classifier=0.023 mask=0.163 objectness=0.000 rpn_box_reg=0.001] 0.29 it/s eta 14.0 min
    epoch 11/12 step 60/281 loss=0.2253 [box_reg=0.037 classifier=0.024 mask=0.164 objectness=0.000 rpn_box_reg=0.001] 0.28 it/s eta 13.1 min
    epoch 11/12 step 80/281 loss=0.2232 [box_reg=0.036 classifier=0.023 mask=0.163 objectness=0.000 rpn_box_reg=0.001] 0.28 it/s eta 11.9 min
    epoch 11/12 step 100/281 loss=0.2240 [box_reg=0.036 classifier=0.024 mask=0.164 objectness=0.000 rpn_box_reg=0.001] 0.28 it/s eta 10.7 min
    epoch 11/12 step 120/281 loss=0.2226 [box_reg=0.036 classifier=0.023 mask=0.163 objectness=0.000 rpn_box_reg=0.001] 0.28 it/s eta 9.4 min
    epoch 11/12 step 140/281 loss=0.2217 [box_reg=0.036 classifier=0.023 mask=0.162 objectness=0.000 rpn_box_reg=0.001] 0.28 it/s eta 8.3 min
    epoch 11/12 step 160/281 loss=0.2208 [box_reg=0.035 classifier=0.023 mask=0.162 objectness=0.000 rpn_box_reg=0.001] 0.27 it/s eta 7.3 min
    epoch 11/12 step 180/281 loss=0.2230 [box_reg=0.036 classifier=0.024 mask=0.162 objectness=0.000 rpn_box_reg=0.001] 0.27 it/s eta 6.1 min
    epoch 11/12 step 200/281 loss=0.2237 [box_reg=0.036 classifier=0.024 mask=0.162 objectness=0.000 rpn_box_reg=0.001] 0.28 it/s eta 4.9 min
    epoch 11/12 step 220/281 loss=0.2234 [box_reg=0.036 classifier=0.024 mask=0.162 objectness=0.000 rpn_box_reg=0.001] 0.27 it/s eta 3.7 min
    epoch 11/12 step 240/281 loss=0.2232 [box_reg=0.036 classifier=0.024 mask=0.162 objectness=0.000 rpn_box_reg=0.001] 0.27 it/s eta 2.6 min
    epoch 11/12 step 260/281 loss=0.2224 [box_reg=0.035 classifier=0.024 mask=0.162 objectness=0.000 rpn_box_reg=0.001] 0.27 it/s eta 1.3 min
    epoch 11/12 step 280/281 loss=0.2218 [box_reg=0.035 classifier=0.024 mask=0.162 objectness=0.000 rpn_box_reg=0.001] 0.27 it/s eta 0.1 min
  fold 1 epoch 11/12 done in 1051s, mean loss 0.2220 [box_reg=0.0354 classifier=0.0237 mask=0.1618 objectness=0.0003 rpn_box_reg=0.0008]
  fold 1 checkpoint saved -> fold1.pt (epoch 11)
    epoch 12/12 step 20/281 loss=0.2173 [box_reg=0.029 classifier=0.027 mask=0.160 objectness=0.000 rpn_box_reg=0.001] 0.24 it/s eta 18.3 min
    epoch 12/12 step 40/281 loss=0.2169 [box_reg=0.029 classifier=0.025 mask=0.162 objectness=0.000 rpn_box_reg=0.001] 0.25 it/s eta 16.3 min
    epoch 12/12 step 60/281 loss=0.2169 [box_reg=0.030 classifier=0.025 mask=0.161 objectness=0.000 rpn_box_reg=0.001] 0.24 it/s eta 15.1 min
    epoch 12/12 step 80/281 loss=0.2205 [box_reg=0.032 classifier=0.024 mask=0.163 objectness=0.000 rpn_box_reg=0.001] 0.24 it/s eta 13.7 min
    epoch 12/12 step 100/281 loss=0.2232 [box_reg=0.034 classifier=0.025 mask=0.163 objectness=0.000 rpn_box_reg=0.001] 0.24 it/s eta 12.3 min
    epoch 12/12 step 120/281 loss=0.2191 [box_reg=0.033 classifier=0.024 mask=0.161 objectness=0.000 rpn_box_reg=0.001] 0.25 it/s eta 10.6 min
    epoch 12/12 step 140/281 loss=0.2192 [box_reg=0.033 classifier=0.024 mask=0.162 objectness=0.000 rpn_box_reg=0.001] 0.26 it/s eta 8.9 min
    epoch 12/12 step 160/281 loss=0.2187 [box_reg=0.033 classifier=0.024 mask=0.161 objectness=0.000 rpn_box_reg=0.001] 0.27 it/s eta 7.5 min
    epoch 12/12 step 180/281 loss=0.2175 [box_reg=0.033 classifier=0.023 mask=0.160 objectness=0.000 rpn_box_reg=0.001] 0.27 it/s eta 6.2 min
    epoch 12/12 step 200/281 loss=0.2170 [box_reg=0.032 classifier=0.023 mask=0.160 objectness=0.000 rpn_box_reg=0.001] 0.28 it/s eta 4.9 min
    epoch 12/12 step 220/281 loss=0.2195 [box_reg=0.034 classifier=0.024 mask=0.161 objectness=0.000 rpn_box_reg=0.001] 0.28 it/s eta 3.6 min
    epoch 12/12 step 240/281 loss=0.2197 [box_reg=0.034 classifier=0.024 mask=0.161 objectness=0.000 rpn_box_reg=0.001] 0.29 it/s eta 2.4 min
    epoch 12/12 step 260/281 loss=0.2201 [box_reg=0.033 classifier=0.024 mask=0.162 objectness=0.001 rpn_box_reg=0.001] 0.29 it/s eta 1.2 min
    epoch 12/12 step 280/281 loss=0.2208 [box_reg=0.033 classifier=0.024 mask=0.162 objectness=0.001 rpn_box_reg=0.001] 0.29 it/s eta 0.1 min
  fold 1 epoch 12/12 done in 963s, mean loss 0.2208 [box_reg=0.0335 classifier=0.0240 mask=0.1621 objectness=0.0005 rpn_box_reg=0.0008]
  fold 1 checkpoint saved -> fold1.pt (epoch 12)
  fold 1 checkpoint -> /Users/seyonmacbook/WorkBuddy AI/妮娜皇后葡萄果粒着色阶段分级/outputs/checkpoints/fold1.pt
  fold 2: 562 train / 140 val images @ short_side=640
  target contract OK: masks (1, 640, 1138), boxes (1, 4), labels [1] (num_classes=3)
    epoch 1/12 step 20/281 loss=1.1809 [box_reg=0.223 classifier=0.331 mask=0.538 objectness=0.077 rpn_box_reg=0.012] 0.28 it/s eta 15.6 min
    epoch 1/12 step 40/281 loss=0.9555 [box_reg=0.238 classifier=0.259 mask=0.402 objectness=0.047 rpn_box_reg=0.009] 0.28 it/s eta 14.1 min
    epoch 1/12 step 60/281 loss=0.8646 [box_reg=0.231 classifier=0.237 mask=0.353 objectness=0.036 rpn_box_reg=0.008] 0.31 it/s eta 12.1 min
    epoch 1/12 step 80/281 loss=0.8032 [box_reg=0.220 classifier=0.218 mask=0.326 objectness=0.031 rpn_box_reg=0.007] 0.31 it/s eta 10.7 min
    epoch 1/12 step 100/281 loss=0.7584 [box_reg=0.210 classifier=0.207 mask=0.307 objectness=0.027 rpn_box_reg=0.007] 0.32 it/s eta 9.3 min
    epoch 1/12 step 120/281 loss=0.7347 [box_reg=0.206 classifier=0.202 mask=0.295 objectness=0.024 rpn_box_reg=0.007] 0.33 it/s eta 8.1 min
    epoch 1/12 step 140/281 loss=0.7049 [box_reg=0.197 classifier=0.193 mask=0.286 objectness=0.022 rpn_box_reg=0.007] 0.33 it/s eta 7.0 min
    epoch 1/12 step 160/281 loss=0.6946 [box_reg=0.195 classifier=0.191 mask=0.281 objectness=0.021 rpn_box_reg=0.007] 0.34 it/s eta 6.0 min
    epoch 1/12 step 180/281 loss=0.6837 [box_reg=0.192 classifier=0.190 mask=0.276 objectness=0.020 rpn_box_reg=0.006] 0.34 it/s eta 5.0 min
    epoch 1/12 step 200/281 loss=0.6755 [box_reg=0.190 classifier=0.188 mask=0.273 objectness=0.019 rpn_box_reg=0.006] 0.34 it/s eta 4.0 min
    epoch 1/12 step 220/281 loss=0.6656 [box_reg=0.188 classifier=0.185 mask=0.269 objectness=0.018 rpn_box_reg=0.006] 0.34 it/s eta 3.0 min
    epoch 1/12 step 240/281 loss=0.6570 [box_reg=0.185 classifier=0.183 mask=0.266 objectness=0.017 rpn_box_reg=0.006] 0.33 it/s eta 2.0 min
    epoch 1/12 step 260/281 loss=0.6513 [box_reg=0.185 classifier=0.181 mask=0.263 objectness=0.016 rpn_box_reg=0.006] 0.33 it/s eta 1.1 min
    epoch 1/12 step 280/281 loss=0.6478 [box_reg=0.185 classifier=0.181 mask=0.260 objectness=0.016 rpn_box_reg=0.006] 0.32 it/s eta 0.1 min
  fold 2 epoch 1/12 done in 882s, mean loss 0.6469 [box_reg=0.1845 classifier=0.1807 mask=0.2600 objectness=0.0157 rpn_box_reg=0.0060]
  fold 2 checkpoint saved -> fold2.pt (epoch 1)
    epoch 2/12 step 20/281 loss=0.5965 [box_reg=0.182 classifier=0.171 mask=0.232 objectness=0.006 rpn_box_reg=0.006] 0.30 it/s eta 14.6 min
    epoch 2/12 step 40/281 loss=0.5335 [box_reg=0.155 classifier=0.148 mask=0.220 objectness=0.006 rpn_box_reg=0.005] 0.31 it/s eta 12.8 min
    epoch 2/12 step 60/281 loss=0.5256 [box_reg=0.152 classifier=0.150 mask=0.213 objectness=0.006 rpn_box_reg=0.004] 0.32 it/s eta 11.6 min
    epoch 2/12 step 80/281 loss=0.5311 [box_reg=0.156 classifier=0.150 mask=0.215 objectness=0.006 rpn_box_reg=0.005] 0.32 it/s eta 10.5 min
    epoch 2/12 step 100/281 loss=0.5291 [box_reg=0.153 classifier=0.150 mask=0.216 objectness=0.005 rpn_box_reg=0.005] 0.32 it/s eta 9.4 min
    epoch 2/12 step 120/281 loss=0.5236 [box_reg=0.149 classifier=0.149 mask=0.214 objectness=0.006 rpn_box_reg=0.005] 0.32 it/s eta 8.3 min
    epoch 2/12 step 140/281 loss=0.5188 [box_reg=0.146 classifier=0.149 mask=0.213 objectness=0.006 rpn_box_reg=0.004] 0.32 it/s eta 7.2 min
    epoch 2/12 step 160/281 loss=0.5149 [box_reg=0.145 classifier=0.146 mask=0.213 objectness=0.006 rpn_box_reg=0.004] 0.33 it/s eta 6.2 min
    epoch 2/12 step 180/281 loss=0.5052 [box_reg=0.143 classifier=0.142 mask=0.210 objectness=0.006 rpn_box_reg=0.004] 0.33 it/s eta 5.1 min
    epoch 2/12 step 200/281 loss=0.5010 [box_reg=0.142 classifier=0.140 mask=0.209 objectness=0.005 rpn_box_reg=0.004] 0.33 it/s eta 4.1 min
    epoch 2/12 step 220/281 loss=0.5017 [box_reg=0.142 classifier=0.141 mask=0.209 objectness=0.005 rpn_box_reg=0.004] 0.33 it/s eta 3.1 min
    epoch 2/12 step 240/281 loss=0.5099 [box_reg=0.146 classifier=0.145 mask=0.209 objectness=0.006 rpn_box_reg=0.004] 0.33 it/s eta 2.1 min
    epoch 2/12 step 260/281 loss=0.5141 [box_reg=0.148 classifier=0.147 mask=0.209 objectness=0.006 rpn_box_reg=0.004] 0.33 it/s eta 1.1 min
    epoch 2/12 step 280/281 loss=0.5101 [box_reg=0.146 classifier=0.145 mask=0.209 objectness=0.006 rpn_box_reg=0.004] 0.33 it/s eta 0.1 min
  fold 2 epoch 2/12 done in 846s, mean loss 0.5103 [box_reg=0.1465 classifier=0.1452 mask=0.2086 objectness=0.0059 rpn_box_reg=0.0042]
  fold 2 checkpoint saved -> fold2.pt (epoch 2)
    epoch 3/12 step 20/281 loss=0.4654 [box_reg=0.131 classifier=0.119 mask=0.209 objectness=0.002 rpn_box_reg=0.003] 0.34 it/s eta 12.8 min
    epoch 3/12 step 40/281 loss=0.4523 [box_reg=0.122 classifier=0.123 mask=0.200 objectness=0.003 rpn_box_reg=0.003] 0.34 it/s eta 11.8 min
    epoch 3/12 step 60/281 loss=0.4510 [box_reg=0.123 classifier=0.122 mask=0.199 objectness=0.003 rpn_box_reg=0.004] 0.34 it/s eta 10.8 min
    epoch 3/12 step 80/281 loss=0.4426 [box_reg=0.123 classifier=0.119 mask=0.195 objectness=0.003 rpn_box_reg=0.004] 0.34 it/s eta 9.9 min
    epoch 3/12 step 100/281 loss=0.4570 [box_reg=0.128 classifier=0.127 mask=0.196 objectness=0.003 rpn_box_reg=0.004] 0.34 it/s eta 8.9 min
    epoch 3/12 step 120/281 loss=0.4608 [box_reg=0.128 classifier=0.128 mask=0.198 objectness=0.003 rpn_box_reg=0.004] 0.34 it/s eta 8.0 min
    epoch 3/12 step 140/281 loss=0.4597 [box_reg=0.127 classifier=0.127 mask=0.199 objectness=0.003 rpn_box_reg=0.004] 0.34 it/s eta 7.0 min
    epoch 3/12 step 160/281 loss=0.4629 [box_reg=0.129 classifier=0.128 mask=0.198 objectness=0.003 rpn_box_reg=0.004] 0.34 it/s eta 6.0 min
    epoch 3/12 step 180/281 loss=0.4584 [box_reg=0.127 classifier=0.127 mask=0.198 objectness=0.003 rpn_box_reg=0.004] 0.34 it/s eta 5.0 min
    epoch 3/12 step 200/281 loss=0.4544 [box_reg=0.125 classifier=0.125 mask=0.197 objectness=0.003 rpn_box_reg=0.004] 0.33 it/s eta 4.0 min
    epoch 3/12 step 220/281 loss=0.4479 [box_reg=0.123 classifier=0.123 mask=0.196 objectness=0.003 rpn_box_reg=0.003] 0.34 it/s eta 3.0 min
    epoch 3/12 step 240/281 loss=0.4477 [box_reg=0.124 classifier=0.122 mask=0.195 objectness=0.003 rpn_box_reg=0.003] 0.34 it/s eta 2.0 min
    epoch 3/12 step 260/281 loss=0.4469 [box_reg=0.124 classifier=0.122 mask=0.195 objectness=0.003 rpn_box_reg=0.003] 0.34 it/s eta 1.0 min
    epoch 3/12 step 280/281 loss=0.4469 [box_reg=0.123 classifier=0.122 mask=0.195 objectness=0.003 rpn_box_reg=0.003] 0.33 it/s eta 0.0 min
  fold 2 epoch 3/12 done in 839s, mean loss 0.4468 [box_reg=0.1232 classifier=0.1218 mask=0.1954 objectness=0.0030 rpn_box_reg=0.0033]
  fold 2 checkpoint saved -> fold2.pt (epoch 3)
    epoch 4/12 step 20/281 loss=0.5084 [box_reg=0.152 classifier=0.144 mask=0.204 objectness=0.005 rpn_box_reg=0.003] 0.33 it/s eta 13.3 min
    epoch 4/12 step 40/281 loss=0.4451 [box_reg=0.126 classifier=0.124 mask=0.189 objectness=0.003 rpn_box_reg=0.003] 0.33 it/s eta 12.1 min
    epoch 4/12 step 60/281 loss=0.4194 [box_reg=0.117 classifier=0.110 mask=0.187 objectness=0.003 rpn_box_reg=0.003] 0.33 it/s eta 11.1 min
    epoch 4/12 step 80/281 loss=0.4003 [box_reg=0.109 classifier=0.100 mask=0.187 objectness=0.002 rpn_box_reg=0.002] 0.34 it/s eta 10.0 min
    epoch 4/12 step 100/281 loss=0.4033 [box_reg=0.108 classifier=0.102 mask=0.188 objectness=0.002 rpn_box_reg=0.003] 0.34 it/s eta 9.0 min
    epoch 4/12 step 120/281 loss=0.4001 [box_reg=0.108 classifier=0.103 mask=0.185 objectness=0.002 rpn_box_reg=0.003] 0.33 it/s eta 8.0 min
    epoch 4/12 step 140/281 loss=0.3958 [box_reg=0.104 classifier=0.101 mask=0.186 objectness=0.002 rpn_box_reg=0.003] 0.33 it/s eta 7.0 min
    epoch 4/12 step 160/281 loss=0.3956 [box_reg=0.103 classifier=0.101 mask=0.187 objectness=0.002 rpn_box_reg=0.003] 0.33 it/s eta 6.1 min
    epoch 4/12 step 180/281 loss=0.4010 [box_reg=0.106 classifier=0.102 mask=0.188 objectness=0.002 rpn_box_reg=0.003] 0.33 it/s eta 5.1 min
    epoch 4/12 step 200/281 loss=0.4072 [box_reg=0.108 classifier=0.104 mask=0.190 objectness=0.003 rpn_box_reg=0.003] 0.33 it/s eta 4.1 min
    epoch 4/12 step 220/281 loss=0.4035 [box_reg=0.106 classifier=0.102 mask=0.190 objectness=0.002 rpn_box_reg=0.003] 0.33 it/s eta 3.0 min
    epoch 4/12 step 240/281 loss=0.4039 [box_reg=0.107 classifier=0.103 mask=0.188 objectness=0.002 rpn_box_reg=0.003] 0.34 it/s eta 2.0 min
    epoch 4/12 step 260/281 loss=0.4040 [box_reg=0.107 classifier=0.104 mask=0.188 objectness=0.002 rpn_box_reg=0.003] 0.34 it/s eta 1.0 min
    epoch 4/12 step 280/281 loss=0.4046 [box_reg=0.108 classifier=0.104 mask=0.188 objectness=0.002 rpn_box_reg=0.003] 0.33 it/s eta 0.0 min
  fold 2 epoch 4/12 done in 841s, mean loss 0.4043 [box_reg=0.1074 classifier=0.1034 mask=0.1885 objectness=0.0023 rpn_box_reg=0.0026]
  fold 2 checkpoint saved -> fold2.pt (epoch 4)
    epoch 5/12 step 20/281 loss=0.3736 [box_reg=0.095 classifier=0.091 mask=0.183 objectness=0.002 rpn_box_reg=0.002] 0.27 it/s eta 15.9 min
    epoch 5/12 step 40/281 loss=0.3679 [box_reg=0.095 classifier=0.091 mask=0.178 objectness=0.002 rpn_box_reg=0.002] 0.29 it/s eta 13.9 min
    epoch 5/12 step 60/281 loss=0.3549 [box_reg=0.089 classifier=0.085 mask=0.177 objectness=0.001 rpn_box_reg=0.002] 0.31 it/s eta 12.0 min
    epoch 5/12 step 80/281 loss=0.3563 [box_reg=0.091 classifier=0.086 mask=0.175 objectness=0.002 rpn_box_reg=0.002] 0.32 it/s eta 10.6 min
    epoch 5/12 step 100/281 loss=0.3579 [box_reg=0.091 classifier=0.087 mask=0.177 objectness=0.002 rpn_box_reg=0.002] 0.32 it/s eta 9.3 min
    epoch 5/12 step 120/281 loss=0.3638 [box_reg=0.093 classifier=0.089 mask=0.178 objectness=0.002 rpn_box_reg=0.002] 0.32 it/s eta 8.4 min
    epoch 5/12 step 140/281 loss=0.3680 [box_reg=0.094 classifier=0.088 mask=0.182 objectness=0.002 rpn_box_reg=0.002] 0.32 it/s eta 7.5 min
    epoch 5/12 step 160/281 loss=0.3679 [box_reg=0.093 classifier=0.088 mask=0.183 objectness=0.002 rpn_box_reg=0.002] 0.31 it/s eta 6.4 min
    epoch 5/12 step 180/281 loss=0.3662 [box_reg=0.093 classifier=0.087 mask=0.182 objectness=0.002 rpn_box_reg=0.002] 0.31 it/s eta 5.4 min
    epoch 5/12 step 200/281 loss=0.3644 [box_reg=0.093 classifier=0.086 mask=0.181 objectness=0.002 rpn_box_reg=0.002] 0.31 it/s eta 4.4 min
    epoch 5/12 step 220/281 loss=0.3677 [box_reg=0.093 classifier=0.090 mask=0.181 objectness=0.002 rpn_box_reg=0.002] 0.32 it/s eta 3.2 min
    epoch 5/12 step 240/281 loss=0.3673 [box_reg=0.092 classifier=0.089 mask=0.182 objectness=0.002 rpn_box_reg=0.002] 0.31 it/s eta 2.2 min
    epoch 5/12 step 260/281 loss=0.3669 [box_reg=0.092 classifier=0.089 mask=0.182 objectness=0.002 rpn_box_reg=0.002] 0.31 it/s eta 1.1 min
    epoch 5/12 step 280/281 loss=0.3663 [box_reg=0.092 classifier=0.089 mask=0.182 objectness=0.002 rpn_box_reg=0.002] 0.31 it/s eta 0.1 min
  fold 2 epoch 5/12 done in 910s, mean loss 0.3665 [box_reg=0.0921 classifier=0.0887 mask=0.1817 objectness=0.0019 rpn_box_reg=0.0022]
  fold 2 checkpoint saved -> fold2.pt (epoch 5)
    epoch 6/12 step 20/281 loss=0.3149 [box_reg=0.074 classifier=0.066 mask=0.172 objectness=0.000 rpn_box_reg=0.002] 0.34 it/s eta 12.7 min
    epoch 6/12 step 40/281 loss=0.3265 [box_reg=0.082 classifier=0.072 mask=0.170 objectness=0.001 rpn_box_reg=0.002] 0.31 it/s eta 13.2 min
    epoch 6/12 step 60/281 loss=0.3275 [box_reg=0.082 classifier=0.069 mask=0.174 objectness=0.001 rpn_box_reg=0.002] 0.30 it/s eta 12.3 min
    epoch 6/12 step 80/281 loss=0.3344 [box_reg=0.085 classifier=0.071 mask=0.175 objectness=0.001 rpn_box_reg=0.002] 0.30 it/s eta 11.0 min
    epoch 6/12 step 100/281 loss=0.3322 [box_reg=0.086 classifier=0.069 mask=0.174 objectness=0.001 rpn_box_reg=0.002] 0.31 it/s eta 9.7 min
    epoch 6/12 step 120/281 loss=0.3288 [box_reg=0.084 classifier=0.067 mask=0.175 objectness=0.001 rpn_box_reg=0.002] 0.32 it/s eta 8.3 min
    epoch 6/12 step 140/281 loss=0.3250 [box_reg=0.082 classifier=0.065 mask=0.175 objectness=0.001 rpn_box_reg=0.002] 0.33 it/s eta 7.1 min
    epoch 6/12 step 160/281 loss=0.3256 [box_reg=0.081 classifier=0.066 mask=0.176 objectness=0.001 rpn_box_reg=0.002] 0.34 it/s eta 6.0 min
    epoch 6/12 step 180/281 loss=0.3264 [box_reg=0.081 classifier=0.068 mask=0.175 objectness=0.001 rpn_box_reg=0.002] 0.34 it/s eta 4.9 min
    epoch 6/12 step 200/281 loss=0.3302 [box_reg=0.082 classifier=0.069 mask=0.176 objectness=0.001 rpn_box_reg=0.002] 0.34 it/s eta 3.9 min
    epoch 6/12 step 220/281 loss=0.3276 [box_reg=0.081 classifier=0.069 mask=0.175 objectness=0.001 rpn_box_reg=0.002] 0.34 it/s eta 2.9 min
    epoch 6/12 step 240/281 loss=0.3274 [box_reg=0.080 classifier=0.069 mask=0.176 objectness=0.001 rpn_box_reg=0.002] 0.35 it/s eta 2.0 min
    epoch 6/12 step 260/281 loss=0.3271 [box_reg=0.079 classifier=0.069 mask=0.176 objectness=0.001 rpn_box_reg=0.002] 0.35 it/s eta 1.0 min
    epoch 6/12 step 280/281 loss=0.3293 [box_reg=0.080 classifier=0.070 mask=0.177 objectness=0.001 rpn_box_reg=0.002] 0.35 it/s eta 0.0 min
  fold 2 epoch 6/12 done in 801s, mean loss 0.3293 [box_reg=0.0799 classifier=0.0698 mask=0.1766 objectness=0.0012 rpn_box_reg=0.0018]
  fold 2 checkpoint saved -> fold2.pt (epoch 6)
    epoch 7/12 step 20/281 loss=0.3152 [box_reg=0.069 classifier=0.061 mask=0.184 objectness=0.001 rpn_box_reg=0.002] 0.39 it/s eta 11.2 min
    epoch 7/12 step 40/281 loss=0.3089 [box_reg=0.067 classifier=0.060 mask=0.180 objectness=0.001 rpn_box_reg=0.001] 0.38 it/s eta 10.4 min
    epoch 7/12 step 60/281 loss=0.2998 [box_reg=0.066 classifier=0.057 mask=0.175 objectness=0.001 rpn_box_reg=0.001] 0.38 it/s eta 9.7 min
    epoch 7/12 step 80/281 loss=0.2982 [box_reg=0.065 classifier=0.058 mask=0.174 objectness=0.001 rpn_box_reg=0.001] 0.38 it/s eta 8.8 min
    epoch 7/12 step 100/281 loss=0.2944 [box_reg=0.064 classifier=0.056 mask=0.173 objectness=0.001 rpn_box_reg=0.001] 0.38 it/s eta 8.0 min
    epoch 7/12 step 120/281 loss=0.2987 [box_reg=0.066 classifier=0.056 mask=0.175 objectness=0.001 rpn_box_reg=0.001] 0.38 it/s eta 7.1 min
    epoch 7/12 step 140/281 loss=0.3006 [box_reg=0.067 classifier=0.057 mask=0.175 objectness=0.001 rpn_box_reg=0.001] 0.37 it/s eta 6.3 min
    epoch 7/12 step 160/281 loss=0.2995 [box_reg=0.067 classifier=0.057 mask=0.174 objectness=0.001 rpn_box_reg=0.001] 0.36 it/s eta 5.6 min
    epoch 7/12 step 180/281 loss=0.3005 [box_reg=0.068 classifier=0.057 mask=0.174 objectness=0.001 rpn_box_reg=0.001] 0.36 it/s eta 4.7 min
    epoch 7/12 step 200/281 loss=0.3013 [box_reg=0.068 classifier=0.057 mask=0.173 objectness=0.001 rpn_box_reg=0.001] 0.36 it/s eta 3.8 min
    epoch 7/12 step 220/281 loss=0.3008 [box_reg=0.068 classifier=0.057 mask=0.173 objectness=0.001 rpn_box_reg=0.001] 0.35 it/s eta 2.9 min
    epoch 7/12 step 240/281 loss=0.3004 [box_reg=0.068 classifier=0.057 mask=0.173 objectness=0.001 rpn_box_reg=0.001] 0.35 it/s eta 2.0 min
    epoch 7/12 step 260/281 loss=0.3017 [box_reg=0.069 classifier=0.057 mask=0.173 objectness=0.001 rpn_box_reg=0.001] 0.35 it/s eta 1.0 min
    epoch 7/12 step 280/281 loss=0.3022 [box_reg=0.070 classifier=0.057 mask=0.173 objectness=0.001 rpn_box_reg=0.001] 0.34 it/s eta 0.0 min
  fold 2 epoch 7/12 done in 821s, mean loss 0.3023 [box_reg=0.0703 classifier=0.0570 mask=0.1727 objectness=0.0009 rpn_box_reg=0.0015]
  fold 2 checkpoint saved -> fold2.pt (epoch 7)
    epoch 8/12 step 20/281 loss=0.3326 [box_reg=0.077 classifier=0.065 mask=0.188 objectness=0.001 rpn_box_reg=0.001] 0.34 it/s eta 12.9 min
    epoch 8/12 step 40/281 loss=0.3068 [box_reg=0.071 classifier=0.056 mask=0.178 objectness=0.001 rpn_box_reg=0.001] 0.35 it/s eta 11.3 min
    epoch 8/12 step 60/281 loss=0.2933 [box_reg=0.065 classifier=0.053 mask=0.173 objectness=0.001 rpn_box_reg=0.001] 0.37 it/s eta 10.1 min
    epoch 8/12 step 80/281 loss=0.2952 [box_reg=0.066 classifier=0.052 mask=0.175 objectness=0.001 rpn_box_reg=0.001] 0.35 it/s eta 9.7 min
    epoch 8/12 step 100/281 loss=0.2934 [box_reg=0.066 classifier=0.051 mask=0.175 objectness=0.001 rpn_box_reg=0.001] 0.35 it/s eta 8.7 min
    epoch 8/12 step 120/281 loss=0.2905 [box_reg=0.066 classifier=0.049 mask=0.173 objectness=0.001 rpn_box_reg=0.001] 0.35 it/s eta 7.8 min
    epoch 8/12 step 140/281 loss=0.2855 [box_reg=0.063 classifier=0.048 mask=0.172 objectness=0.001 rpn_box_reg=0.001] 0.33 it/s eta 7.0 min
    epoch 8/12 step 160/281 loss=0.2824 [box_reg=0.062 classifier=0.048 mask=0.171 objectness=0.001 rpn_box_reg=0.001] 0.32 it/s eta 6.2 min
    epoch 8/12 step 180/281 loss=0.2816 [box_reg=0.062 classifier=0.047 mask=0.171 objectness=0.001 rpn_box_reg=0.001] 0.33 it/s eta 5.2 min
    epoch 8/12 step 200/281 loss=0.2815 [box_reg=0.062 classifier=0.047 mask=0.171 objectness=0.001 rpn_box_reg=0.001] 0.33 it/s eta 4.1 min
    epoch 8/12 step 220/281 loss=0.2797 [box_reg=0.061 classifier=0.047 mask=0.170 objectness=0.001 rpn_box_reg=0.001] 0.33 it/s eta 3.1 min
    epoch 8/12 step 240/281 loss=0.2785 [box_reg=0.060 classifier=0.047 mask=0.170 objectness=0.001 rpn_box_reg=0.001] 0.33 it/s eta 2.1 min
    epoch 8/12 step 260/281 loss=0.2768 [box_reg=0.059 classifier=0.046 mask=0.170 objectness=0.001 rpn_box_reg=0.001] 0.33 it/s eta 1.0 min
    epoch 8/12 step 280/281 loss=0.2775 [box_reg=0.059 classifier=0.047 mask=0.170 objectness=0.001 rpn_box_reg=0.001] 0.34 it/s eta 0.0 min
  fold 2 epoch 8/12 done in 829s, mean loss 0.2774 [box_reg=0.0595 classifier=0.0465 mask=0.1695 objectness=0.0007 rpn_box_reg=0.0012]
  fold 2 checkpoint saved -> fold2.pt (epoch 8)
    epoch 9/12 step 20/281 loss=0.3099 [box_reg=0.069 classifier=0.060 mask=0.178 objectness=0.002 rpn_box_reg=0.001] 0.40 it/s eta 10.8 min
    epoch 9/12 step 40/281 loss=0.2825 [box_reg=0.061 classifier=0.051 mask=0.168 objectness=0.001 rpn_box_reg=0.001] 0.39 it/s eta 10.3 min
    epoch 9/12 step 60/281 loss=0.2697 [box_reg=0.055 classifier=0.045 mask=0.168 objectness=0.001 rpn_box_reg=0.001] 0.40 it/s eta 9.3 min
    epoch 9/12 step 80/281 loss=0.2647 [box_reg=0.052 classifier=0.043 mask=0.168 objectness=0.001 rpn_box_reg=0.001] 0.39 it/s eta 8.5 min
    epoch 9/12 step 100/281 loss=0.2605 [box_reg=0.051 classifier=0.040 mask=0.167 objectness=0.001 rpn_box_reg=0.001] 0.38 it/s eta 8.0 min
    epoch 9/12 step 120/281 loss=0.2580 [box_reg=0.050 classifier=0.039 mask=0.167 objectness=0.001 rpn_box_reg=0.001] 0.37 it/s eta 7.3 min
    epoch 9/12 step 140/281 loss=0.2584 [box_reg=0.051 classifier=0.039 mask=0.166 objectness=0.001 rpn_box_reg=0.001] 0.36 it/s eta 6.5 min
    epoch 9/12 step 160/281 loss=0.2578 [box_reg=0.051 classifier=0.038 mask=0.166 objectness=0.001 rpn_box_reg=0.001] 0.36 it/s eta 5.6 min
    epoch 9/12 step 180/281 loss=0.2594 [box_reg=0.052 classifier=0.038 mask=0.168 objectness=0.001 rpn_box_reg=0.001] 0.36 it/s eta 4.7 min
    epoch 9/12 step 200/281 loss=0.2586 [box_reg=0.051 classifier=0.038 mask=0.168 objectness=0.001 rpn_box_reg=0.001] 0.36 it/s eta 3.7 min
    epoch 9/12 step 220/281 loss=0.2573 [box_reg=0.051 classifier=0.038 mask=0.167 objectness=0.001 rpn_box_reg=0.001] 0.36 it/s eta 2.8 min
    epoch 9/12 step 240/281 loss=0.2585 [box_reg=0.051 classifier=0.037 mask=0.168 objectness=0.001 rpn_box_reg=0.001] 0.36 it/s eta 1.9 min
    epoch 9/12 step 260/281 loss=0.2590 [box_reg=0.052 classifier=0.037 mask=0.168 objectness=0.001 rpn_box_reg=0.001] 0.36 it/s eta 1.0 min
    epoch 9/12 step 280/281 loss=0.2582 [box_reg=0.052 classifier=0.037 mask=0.168 objectness=0.001 rpn_box_reg=0.001] 0.36 it/s eta 0.0 min
  fold 2 epoch 9/12 done in 775s, mean loss 0.2581 [box_reg=0.0518 classifier=0.0369 mask=0.1676 objectness=0.0006 rpn_box_reg=0.0011]
  fold 2 checkpoint saved -> fold2.pt (epoch 9)
    epoch 10/12 step 20/281 loss=0.2339 [box_reg=0.039 classifier=0.028 mask=0.165 objectness=0.001 rpn_box_reg=0.001] 0.39 it/s eta 11.1 min
    epoch 10/12 step 40/281 loss=0.2313 [box_reg=0.039 classifier=0.026 mask=0.165 objectness=0.001 rpn_box_reg=0.001] 0.39 it/s eta 10.2 min
    epoch 10/12 step 60/281 loss=0.2356 [box_reg=0.041 classifier=0.027 mask=0.165 objectness=0.001 rpn_box_reg=0.001] 0.40 it/s eta 9.3 min
    epoch 10/12 step 80/281 loss=0.2348 [box_reg=0.042 classifier=0.027 mask=0.164 objectness=0.001 rpn_box_reg=0.001] 0.40 it/s eta 8.4 min
    epoch 10/12 step 100/281 loss=0.2357 [box_reg=0.042 classifier=0.027 mask=0.164 objectness=0.001 rpn_box_reg=0.001] 0.39 it/s eta 7.7 min
    epoch 10/12 step 120/281 loss=0.2399 [box_reg=0.044 classifier=0.028 mask=0.167 objectness=0.001 rpn_box_reg=0.001] 0.39 it/s eta 6.9 min
    epoch 10/12 step 140/281 loss=0.2399 [box_reg=0.044 classifier=0.028 mask=0.166 objectness=0.001 rpn_box_reg=0.001] 0.39 it/s eta 6.1 min
    epoch 10/12 step 160/281 loss=0.2402 [box_reg=0.044 classifier=0.028 mask=0.167 objectness=0.001 rpn_box_reg=0.001] 0.39 it/s eta 5.2 min
    epoch 10/12 step 180/281 loss=0.2393 [box_reg=0.043 classifier=0.028 mask=0.166 objectness=0.000 rpn_box_reg=0.001] 0.39 it/s eta 4.4 min
    epoch 10/12 step 200/281 loss=0.2378 [box_reg=0.043 classifier=0.028 mask=0.165 objectness=0.000 rpn_box_reg=0.001] 0.39 it/s eta 3.5 min
    epoch 10/12 step 220/281 loss=0.2382 [box_reg=0.043 classifier=0.028 mask=0.165 objectness=0.000 rpn_box_reg=0.001] 0.38 it/s eta 2.6 min
    epoch 10/12 step 240/281 loss=0.2394 [box_reg=0.044 classifier=0.029 mask=0.166 objectness=0.000 rpn_box_reg=0.001] 0.38 it/s eta 1.8 min
    epoch 10/12 step 260/281 loss=0.2397 [box_reg=0.043 classifier=0.029 mask=0.166 objectness=0.001 rpn_box_reg=0.001] 0.38 it/s eta 0.9 min
    epoch 10/12 step 280/281 loss=0.2397 [box_reg=0.044 classifier=0.029 mask=0.166 objectness=0.000 rpn_box_reg=0.001] 0.38 it/s eta 0.0 min
  fold 2 epoch 10/12 done in 736s, mean loss 0.2396 [box_reg=0.0435 classifier=0.0285 mask=0.1660 objectness=0.0005 rpn_box_reg=0.0009]
  fold 2 checkpoint saved -> fold2.pt (epoch 10)
    epoch 11/12 step 20/281 loss=0.2347 [box_reg=0.041 classifier=0.029 mask=0.163 objectness=0.000 rpn_box_reg=0.001] 0.37 it/s eta 11.6 min
    epoch 11/12 step 40/281 loss=0.2312 [box_reg=0.038 classifier=0.027 mask=0.164 objectness=0.000 rpn_box_reg=0.001] 0.38 it/s eta 10.7 min
    epoch 11/12 step 60/281 loss=0.2342 [box_reg=0.040 classifier=0.026 mask=0.167 objectness=0.000 rpn_box_reg=0.001] 0.37 it/s eta 9.9 min
    epoch 11/12 step 80/281 loss=0.2327 [box_reg=0.040 classifier=0.026 mask=0.166 objectness=0.000 rpn_box_reg=0.001] 0.37 it/s eta 9.2 min
    epoch 11/12 step 100/281 loss=0.2324 [box_reg=0.039 classifier=0.026 mask=0.167 objectness=0.000 rpn_box_reg=0.001] 0.37 it/s eta 8.2 min
    epoch 11/12 step 120/281 loss=0.2310 [box_reg=0.039 classifier=0.026 mask=0.165 objectness=0.000 rpn_box_reg=0.001] 0.37 it/s eta 7.3 min
    epoch 11/12 step 140/281 loss=0.2301 [box_reg=0.039 classifier=0.025 mask=0.164 objectness=0.000 rpn_box_reg=0.001] 0.37 it/s eta 6.4 min
    epoch 11/12 step 160/281 loss=0.2307 [box_reg=0.039 classifier=0.025 mask=0.165 objectness=0.000 rpn_box_reg=0.001] 0.37 it/s eta 5.5 min
    epoch 11/12 step 180/281 loss=0.2299 [box_reg=0.039 classifier=0.025 mask=0.165 objectness=0.000 rpn_box_reg=0.001] 0.37 it/s eta 4.5 min
    epoch 11/12 step 200/281 loss=0.2295 [box_reg=0.039 classifier=0.025 mask=0.165 objectness=0.000 rpn_box_reg=0.001] 0.37 it/s eta 3.6 min
    epoch 11/12 step 220/281 loss=0.2310 [box_reg=0.039 classifier=0.025 mask=0.165 objectness=0.000 rpn_box_reg=0.001] 0.37 it/s eta 2.7 min
    epoch 11/12 step 240/281 loss=0.2326 [box_reg=0.040 classifier=0.026 mask=0.166 objectness=0.000 rpn_box_reg=0.001] 0.37 it/s eta 1.8 min
    epoch 11/12 step 260/281 loss=0.2319 [box_reg=0.040 classifier=0.026 mask=0.165 objectness=0.000 rpn_box_reg=0.001] 0.37 it/s eta 0.9 min
    epoch 11/12 step 280/281 loss=0.2305 [box_reg=0.040 classifier=0.025 mask=0.164 objectness=0.000 rpn_box_reg=0.001] 0.37 it/s eta 0.0 min
  fold 2 epoch 11/12 done in 755s, mean loss 0.2305 [box_reg=0.0395 classifier=0.0255 mask=0.1643 objectness=0.0003 rpn_box_reg=0.0008]
  fold 2 checkpoint saved -> fold2.pt (epoch 11)
    epoch 12/12 step 20/281 loss=0.2271 [box_reg=0.038 classifier=0.026 mask=0.162 objectness=0.000 rpn_box_reg=0.001] 0.38 it/s eta 11.6 min
    epoch 12/12 step 40/281 loss=0.2320 [box_reg=0.040 classifier=0.027 mask=0.164 objectness=0.000 rpn_box_reg=0.001] 0.37 it/s eta 10.8 min
    epoch 12/12 step 60/281 loss=0.2296 [box_reg=0.040 classifier=0.027 mask=0.162 objectness=0.000 rpn_box_reg=0.001] 0.37 it/s eta 9.9 min
    epoch 12/12 step 80/281 loss=0.2270 [box_reg=0.038 classifier=0.026 mask=0.162 objectness=0.000 rpn_box_reg=0.001] 0.37 it/s eta 9.0 min
    epoch 12/12 step 100/281 loss=0.2260 [box_reg=0.037 classifier=0.026 mask=0.162 objectness=0.000 rpn_box_reg=0.001] 0.37 it/s eta 8.1 min
    epoch 12/12 step 120/281 loss=0.2272 [box_reg=0.038 classifier=0.026 mask=0.162 objectness=0.000 rpn_box_reg=0.001] 0.37 it/s eta 7.2 min
    epoch 12/12 step 140/281 loss=0.2294 [box_reg=0.038 classifier=0.026 mask=0.164 objectness=0.000 rpn_box_reg=0.001] 0.37 it/s eta 6.3 min
    epoch 12/12 step 160/281 loss=0.2290 [box_reg=0.038 classifier=0.026 mask=0.165 objectness=0.000 rpn_box_reg=0.001] 0.37 it/s eta 5.4 min
    epoch 12/12 step 180/281 loss=0.2272 [box_reg=0.037 classifier=0.025 mask=0.164 objectness=0.000 rpn_box_reg=0.001] 0.37 it/s eta 4.5 min
    epoch 12/12 step 200/281 loss=0.2274 [box_reg=0.037 classifier=0.025 mask=0.164 objectness=0.000 rpn_box_reg=0.001] 0.37 it/s eta 3.7 min
    epoch 12/12 step 220/281 loss=0.2271 [box_reg=0.037 classifier=0.025 mask=0.164 objectness=0.000 rpn_box_reg=0.001] 0.36 it/s eta 2.8 min
    epoch 12/12 step 240/281 loss=0.2264 [box_reg=0.037 classifier=0.025 mask=0.164 objectness=0.000 rpn_box_reg=0.001] 0.36 it/s eta 1.9 min
    epoch 12/12 step 260/281 loss=0.2272 [box_reg=0.037 classifier=0.025 mask=0.164 objectness=0.000 rpn_box_reg=0.001] 0.36 it/s eta 1.0 min
    epoch 12/12 step 280/281 loss=0.2282 [box_reg=0.037 classifier=0.025 mask=0.164 objectness=0.000 rpn_box_reg=0.001] 0.36 it/s eta 0.0 min
  fold 2 epoch 12/12 done in 779s, mean loss 0.2282 [box_reg=0.0373 classifier=0.0253 mask=0.1643 objectness=0.0004 rpn_box_reg=0.0008]
  fold 2 checkpoint saved -> fold2.pt (epoch 12)
  fold 2 checkpoint -> /Users/seyonmacbook/WorkBuddy AI/妮娜皇后葡萄果粒着色阶段分级/outputs/checkpoints/fold2.pt
  fold 3: 562 train / 140 val images @ short_side=640
  target contract OK: masks (2, 640, 1138), boxes (2, 4), labels [1, 2] (num_classes=3)
    epoch 1/12 step 20/281 loss=1.1890 [box_reg=0.158 classifier=0.314 mask=0.609 objectness=0.097 rpn_box_reg=0.012] 0.44 it/s eta 9.8 min
    epoch 1/12 step 40/281 loss=0.9904 [box_reg=0.208 classifier=0.262 mask=0.451 objectness=0.060 rpn_box_reg=0.010] 0.43 it/s eta 9.3 min
    epoch 1/12 step 60/281 loss=0.9063 [box_reg=0.221 classifier=0.237 mask=0.393 objectness=0.046 rpn_box_reg=0.009] 0.43 it/s eta 8.6 min
    epoch 1/12 step 80/281 loss=0.8499 [box_reg=0.217 classifier=0.225 mask=0.361 objectness=0.038 rpn_box_reg=0.008] 0.42 it/s eta 7.9 min
    epoch 1/12 step 100/281 loss=0.7951 [box_reg=0.205 classifier=0.213 mask=0.337 objectness=0.033 rpn_box_reg=0.008] 0.42 it/s eta 7.2 min
    epoch 1/12 step 120/281 loss=0.7655 [box_reg=0.201 classifier=0.207 mask=0.321 objectness=0.029 rpn_box_reg=0.008] 0.42 it/s eta 6.4 min
    epoch 1/12 step 140/281 loss=0.7473 [box_reg=0.202 classifier=0.205 mask=0.308 objectness=0.026 rpn_box_reg=0.008] 0.41 it/s eta 5.7 min
    epoch 1/12 step 160/281 loss=0.7261 [box_reg=0.197 classifier=0.200 mask=0.299 objectness=0.024 rpn_box_reg=0.007] 0.41 it/s eta 4.9 min
    epoch 1/12 step 180/281 loss=0.7111 [box_reg=0.195 classifier=0.196 mask=0.292 objectness=0.022 rpn_box_reg=0.007] 0.41 it/s eta 4.1 min
    epoch 1/12 step 200/281 loss=0.6972 [box_reg=0.192 classifier=0.192 mask=0.285 objectness=0.021 rpn_box_reg=0.007] 0.41 it/s eta 3.3 min
    epoch 1/12 step 220/281 loss=0.6872 [box_reg=0.191 classifier=0.190 mask=0.280 objectness=0.020 rpn_box_reg=0.007] 0.41 it/s eta 2.5 min
    epoch 1/12 step 240/281 loss=0.6754 [box_reg=0.188 classifier=0.188 mask=0.274 objectness=0.019 rpn_box_reg=0.007] 0.40 it/s eta 1.7 min
    epoch 1/12 step 260/281 loss=0.6654 [box_reg=0.187 classifier=0.185 mask=0.269 objectness=0.018 rpn_box_reg=0.006] 0.40 it/s eta 0.9 min
    epoch 1/12 step 280/281 loss=0.6543 [box_reg=0.182 classifier=0.182 mask=0.266 objectness=0.017 rpn_box_reg=0.006] 0.40 it/s eta 0.0 min
  fold 3 epoch 1/12 done in 704s, mean loss 0.6537 [box_reg=0.1820 classifier=0.1822 mask=0.2661 objectness=0.0171 rpn_box_reg=0.0063]
  fold 3 checkpoint saved -> fold3.pt (epoch 1)
    epoch 2/12 step 20/281 loss=0.5377 [box_reg=0.156 classifier=0.164 mask=0.208 objectness=0.005 rpn_box_reg=0.004] 0.39 it/s eta 11.2 min
    epoch 2/12 step 40/281 loss=0.5110 [box_reg=0.147 classifier=0.154 mask=0.201 objectness=0.005 rpn_box_reg=0.004] 0.39 it/s eta 10.4 min
    epoch 2/12 step 60/281 loss=0.5248 [box_reg=0.153 classifier=0.154 mask=0.209 objectness=0.005 rpn_box_reg=0.004] 0.38 it/s eta 9.6 min
    epoch 2/12 step 80/281 loss=0.5207 [box_reg=0.152 classifier=0.152 mask=0.208 objectness=0.005 rpn_box_reg=0.004] 0.38 it/s eta 8.8 min
    epoch 2/12 step 100/281 loss=0.5205 [box_reg=0.152 classifier=0.153 mask=0.207 objectness=0.004 rpn_box_reg=0.004] 0.38 it/s eta 8.0 min
    epoch 2/12 step 120/281 loss=0.5145 [box_reg=0.147 classifier=0.150 mask=0.208 objectness=0.005 rpn_box_reg=0.004] 0.38 it/s eta 7.1 min
    epoch 2/12 step 140/281 loss=0.5169 [box_reg=0.149 classifier=0.151 mask=0.208 objectness=0.005 rpn_box_reg=0.004] 0.38 it/s eta 6.3 min
    epoch 2/12 step 160/281 loss=0.5212 [box_reg=0.151 classifier=0.153 mask=0.208 objectness=0.005 rpn_box_reg=0.004] 0.37 it/s eta 5.4 min
    epoch 2/12 step 180/281 loss=0.5215 [box_reg=0.149 classifier=0.153 mask=0.210 objectness=0.005 rpn_box_reg=0.004] 0.37 it/s eta 4.5 min
    epoch 2/12 step 200/281 loss=0.5203 [box_reg=0.149 classifier=0.151 mask=0.210 objectness=0.005 rpn_box_reg=0.004] 0.37 it/s eta 3.6 min
    epoch 2/12 step 220/281 loss=0.5183 [box_reg=0.149 classifier=0.150 mask=0.211 objectness=0.005 rpn_box_reg=0.004] 0.37 it/s eta 2.7 min
    epoch 2/12 step 240/281 loss=0.5122 [box_reg=0.146 classifier=0.147 mask=0.209 objectness=0.005 rpn_box_reg=0.004] 0.37 it/s eta 1.8 min
    epoch 2/12 step 260/281 loss=0.5079 [box_reg=0.145 classifier=0.146 mask=0.208 objectness=0.005 rpn_box_reg=0.004] 0.37 it/s eta 0.9 min
    epoch 2/12 step 280/281 loss=0.5035 [box_reg=0.144 classifier=0.144 mask=0.207 objectness=0.005 rpn_box_reg=0.004] 0.37 it/s eta 0.0 min
  fold 3 epoch 2/12 done in 760s, mean loss 0.5042 [box_reg=0.1439 classifier=0.1440 mask=0.2075 objectness=0.0046 rpn_box_reg=0.0042]
  fold 3 checkpoint saved -> fold3.pt (epoch 2)
    epoch 3/12 step 20/281 loss=0.4677 [box_reg=0.127 classifier=0.125 mask=0.211 objectness=0.003 rpn_box_reg=0.003] 0.36 it/s eta 12.1 min
    epoch 3/12 step 40/281 loss=0.4566 [box_reg=0.123 classifier=0.122 mask=0.206 objectness=0.003 rpn_box_reg=0.003] 0.36 it/s eta 11.1 min
    epoch 3/12 step 60/281 loss=0.4418 [box_reg=0.121 classifier=0.117 mask=0.199 objectness=0.002 rpn_box_reg=0.003] 0.36 it/s eta 10.2 min
    epoch 3/12 step 80/281 loss=0.4450 [box_reg=0.122 classifier=0.117 mask=0.200 objectness=0.003 rpn_box_reg=0.003] 0.36 it/s eta 9.3 min
    epoch 3/12 step 100/281 loss=0.4533 [box_reg=0.126 classifier=0.123 mask=0.198 objectness=0.003 rpn_box_reg=0.003] 0.36 it/s eta 8.4 min
    epoch 3/12 step 120/281 loss=0.4525 [box_reg=0.126 classifier=0.123 mask=0.198 objectness=0.003 rpn_box_reg=0.003] 0.36 it/s eta 7.5 min
    epoch 3/12 step 140/281 loss=0.4471 [box_reg=0.124 classifier=0.120 mask=0.197 objectness=0.003 rpn_box_reg=0.003] 0.36 it/s eta 6.6 min
    epoch 3/12 step 160/281 loss=0.4467 [box_reg=0.124 classifier=0.120 mask=0.196 objectness=0.003 rpn_box_reg=0.003] 0.36 it/s eta 5.7 min
    epoch 3/12 step 180/281 loss=0.4496 [box_reg=0.126 classifier=0.121 mask=0.196 objectness=0.003 rpn_box_reg=0.003] 0.36 it/s eta 4.7 min
    epoch 3/12 step 200/281 loss=0.4485 [box_reg=0.124 classifier=0.122 mask=0.196 objectness=0.003 rpn_box_reg=0.003] 0.36 it/s eta 3.8 min
    epoch 3/12 step 220/281 loss=0.4450 [box_reg=0.122 classifier=0.121 mask=0.196 objectness=0.003 rpn_box_reg=0.003] 0.36 it/s eta 2.8 min
    epoch 3/12 step 240/281 loss=0.4404 [box_reg=0.121 classifier=0.119 mask=0.195 objectness=0.003 rpn_box_reg=0.003] 0.36 it/s eta 1.9 min
    epoch 3/12 step 260/281 loss=0.4418 [box_reg=0.121 classifier=0.119 mask=0.195 objectness=0.003 rpn_box_reg=0.003] 0.36 it/s eta 1.0 min
    epoch 3/12 step 280/281 loss=0.4412 [box_reg=0.121 classifier=0.119 mask=0.195 objectness=0.003 rpn_box_reg=0.003] 0.36 it/s eta 0.0 min
  fold 3 epoch 3/12 done in 789s, mean loss 0.4412 [box_reg=0.1209 classifier=0.1194 mask=0.1948 objectness=0.0027 rpn_box_reg=0.0033]
  fold 3 checkpoint saved -> fold3.pt (epoch 3)
    epoch 4/12 step 20/281 loss=0.4096 [box_reg=0.100 classifier=0.107 mask=0.198 objectness=0.002 rpn_box_reg=0.003] 0.34 it/s eta 12.6 min
    epoch 4/12 step 40/281 loss=0.4110 [box_reg=0.106 classifier=0.106 mask=0.194 objectness=0.002 rpn_box_reg=0.003] 0.35 it/s eta 11.5 min
    epoch 4/12 step 60/281 loss=0.4078 [box_reg=0.107 classifier=0.104 mask=0.192 objectness=0.002 rpn_box_reg=0.003] 0.35 it/s eta 10.5 min
    epoch 4/12 step 80/281 loss=0.4027 [box_reg=0.105 classifier=0.101 mask=0.192 objectness=0.002 rpn_box_reg=0.003] 0.35 it/s eta 9.5 min
    epoch 4/12 step 100/281 loss=0.3993 [box_reg=0.104 classifier=0.099 mask=0.192 objectness=0.002 rpn_box_reg=0.003] 0.35 it/s eta 8.5 min
    epoch 4/12 step 120/281 loss=0.3993 [box_reg=0.104 classifier=0.100 mask=0.190 objectness=0.002 rpn_box_reg=0.003] 0.35 it/s eta 7.6 min
    epoch 4/12 step 140/281 loss=0.3934 [box_reg=0.103 classifier=0.097 mask=0.189 objectness=0.002 rpn_box_reg=0.003] 0.35 it/s eta 6.7 min
    epoch 4/12 step 160/281 loss=0.3948 [box_reg=0.103 classifier=0.098 mask=0.188 objectness=0.002 rpn_box_reg=0.003] 0.35 it/s eta 5.7 min
    epoch 4/12 step 180/281 loss=0.3969 [box_reg=0.104 classifier=0.099 mask=0.189 objectness=0.002 rpn_box_reg=0.003] 0.35 it/s eta 4.8 min
    epoch 4/12 step 200/281 loss=0.3940 [box_reg=0.103 classifier=0.099 mask=0.188 objectness=0.002 rpn_box_reg=0.003] 0.35 it/s eta 3.8 min
    epoch 4/12 step 220/281 loss=0.3968 [box_reg=0.104 classifier=0.100 mask=0.188 objectness=0.002 rpn_box_reg=0.003] 0.35 it/s eta 2.9 min
    epoch 4/12 step 240/281 loss=0.3958 [box_reg=0.103 classifier=0.099 mask=0.188 objectness=0.002 rpn_box_reg=0.003] 0.35 it/s eta 1.9 min
    epoch 4/12 step 260/281 loss=0.3956 [box_reg=0.104 classifier=0.100 mask=0.188 objectness=0.002 rpn_box_reg=0.003] 0.35 it/s eta 1.0 min
    epoch 4/12 step 280/281 loss=0.3993 [box_reg=0.106 classifier=0.101 mask=0.188 objectness=0.002 rpn_box_reg=0.003] 0.35 it/s eta 0.0 min
  fold 3 epoch 4/12 done in 799s, mean loss 0.3989 [box_reg=0.1055 classifier=0.1011 mask=0.1877 objectness=0.0019 rpn_box_reg=0.0028]
  fold 3 checkpoint saved -> fold3.pt (epoch 4)
    epoch 5/12 step 20/281 loss=0.3583 [box_reg=0.089 classifier=0.081 mask=0.184 objectness=0.002 rpn_box_reg=0.002] 0.33 it/s eta 13.3 min
    epoch 5/12 step 40/281 loss=0.3567 [box_reg=0.090 classifier=0.078 mask=0.185 objectness=0.002 rpn_box_reg=0.002] 0.34 it/s eta 12.0 min
    epoch 5/12 step 60/281 loss=0.3472 [box_reg=0.086 classifier=0.073 mask=0.184 objectness=0.001 rpn_box_reg=0.002] 0.34 it/s eta 10.8 min
    epoch 5/12 step 80/281 loss=0.3430 [box_reg=0.084 classifier=0.072 mask=0.184 objectness=0.001 rpn_box_reg=0.002] 0.34 it/s eta 9.8 min
    epoch 5/12 step 100/281 loss=0.3460 [box_reg=0.086 classifier=0.073 mask=0.183 objectness=0.001 rpn_box_reg=0.002] 0.34 it/s eta 8.8 min
    epoch 5/12 step 120/281 loss=0.3412 [box_reg=0.084 classifier=0.072 mask=0.182 objectness=0.001 rpn_box_reg=0.002] 0.35 it/s eta 7.8 min
    epoch 5/12 step 140/281 loss=0.3461 [box_reg=0.085 classifier=0.075 mask=0.183 objectness=0.001 rpn_box_reg=0.002] 0.35 it/s eta 6.8 min
    epoch 5/12 step 160/281 loss=0.3521 [box_reg=0.088 classifier=0.078 mask=0.183 objectness=0.001 rpn_box_reg=0.002] 0.35 it/s eta 5.8 min
    epoch 5/12 step 180/281 loss=0.3503 [box_reg=0.087 classifier=0.077 mask=0.183 objectness=0.001 rpn_box_reg=0.002] 0.35 it/s eta 4.9 min
    epoch 5/12 step 200/281 loss=0.3516 [box_reg=0.087 classifier=0.079 mask=0.182 objectness=0.001 rpn_box_reg=0.002] 0.35 it/s eta 3.9 min
    epoch 5/12 step 220/281 loss=0.3534 [box_reg=0.088 classifier=0.080 mask=0.182 objectness=0.001 rpn_box_reg=0.002] 0.35 it/s eta 2.9 min
    epoch 5/12 step 240/281 loss=0.3554 [box_reg=0.088 classifier=0.081 mask=0.183 objectness=0.001 rpn_box_reg=0.002] 0.35 it/s eta 2.0 min
    epoch 5/12 step 260/281 loss=0.3552 [box_reg=0.088 classifier=0.081 mask=0.182 objectness=0.001 rpn_box_reg=0.002] 0.35 it/s eta 1.0 min
    epoch 5/12 step 280/281 loss=0.3546 [box_reg=0.088 classifier=0.081 mask=0.182 objectness=0.001 rpn_box_reg=0.002] 0.35 it/s eta 0.0 min
  fold 3 epoch 5/12 done in 809s, mean loss 0.3553 [box_reg=0.0879 classifier=0.0816 mask=0.1824 objectness=0.0013 rpn_box_reg=0.0021]
  fold 3 checkpoint saved -> fold3.pt (epoch 5)
    epoch 6/12 step 20/281 loss=0.3530 [box_reg=0.088 classifier=0.076 mask=0.186 objectness=0.001 rpn_box_reg=0.002] 0.34 it/s eta 12.8 min
    epoch 6/12 step 40/281 loss=0.3281 [box_reg=0.078 classifier=0.068 mask=0.178 objectness=0.002 rpn_box_reg=0.002] 0.35 it/s eta 11.6 min
    epoch 6/12 step 60/281 loss=0.3276 [box_reg=0.078 classifier=0.071 mask=0.175 objectness=0.001 rpn_box_reg=0.002] 0.34 it/s eta 10.7 min
    epoch 6/12 step 80/281 loss=0.3270 [box_reg=0.077 classifier=0.072 mask=0.175 objectness=0.001 rpn_box_reg=0.002] 0.34 it/s eta 9.7 min
    epoch 6/12 step 100/281 loss=0.3240 [box_reg=0.076 classifier=0.069 mask=0.176 objectness=0.001 rpn_box_reg=0.002] 0.34 it/s eta 8.8 min
    epoch 6/12 step 120/281 loss=0.3241 [box_reg=0.077 classifier=0.069 mask=0.175 objectness=0.001 rpn_box_reg=0.002] 0.35 it/s eta 7.8 min
    epoch 6/12 step 140/281 loss=0.3197 [box_reg=0.076 classifier=0.067 mask=0.174 objectness=0.001 rpn_box_reg=0.002] 0.35 it/s eta 6.8 min
    epoch 6/12 step 160/281 loss=0.3190 [box_reg=0.076 classifier=0.066 mask=0.175 objectness=0.001 rpn_box_reg=0.002] 0.35 it/s eta 5.8 min
    epoch 6/12 step 180/281 loss=0.3226 [box_reg=0.076 classifier=0.067 mask=0.177 objectness=0.001 rpn_box_reg=0.002] 0.35 it/s eta 4.8 min
    epoch 6/12 step 200/281 loss=0.3223 [box_reg=0.077 classifier=0.066 mask=0.177 objectness=0.001 rpn_box_reg=0.002] 0.35 it/s eta 3.9 min
    epoch 6/12 step 220/281 loss=0.3227 [box_reg=0.076 classifier=0.066 mask=0.177 objectness=0.001 rpn_box_reg=0.002] 0.35 it/s eta 2.9 min
    epoch 6/12 step 240/281 loss=0.3225 [box_reg=0.076 classifier=0.067 mask=0.177 objectness=0.001 rpn_box_reg=0.002] 0.35 it/s eta 2.0 min
    epoch 6/12 step 260/281 loss=0.3231 [box_reg=0.076 classifier=0.068 mask=0.177 objectness=0.001 rpn_box_reg=0.002] 0.35 it/s eta 1.0 min
    epoch 6/12 step 280/281 loss=0.3199 [box_reg=0.076 classifier=0.066 mask=0.176 objectness=0.001 rpn_box_reg=0.002] 0.35 it/s eta 0.0 min
  fold 3 epoch 6/12 done in 807s, mean loss 0.3202 [box_reg=0.0757 classifier=0.0660 mask=0.1756 objectness=0.0010 rpn_box_reg=0.0018]
  fold 3 checkpoint saved -> fold3.pt (epoch 6)
    epoch 7/12 step 20/281 loss=0.3241 [box_reg=0.071 classifier=0.065 mask=0.186 objectness=0.001 rpn_box_reg=0.002] 0.35 it/s eta 12.4 min
    epoch 7/12 step 40/281 loss=0.3076 [box_reg=0.067 classifier=0.057 mask=0.181 objectness=0.001 rpn_box_reg=0.001] 0.35 it/s eta 11.3 min
    epoch 7/12 step 60/281 loss=0.3016 [box_reg=0.067 classifier=0.055 mask=0.178 objectness=0.001 rpn_box_reg=0.001] 0.35 it/s eta 10.4 min
    epoch 7/12 step 80/281 loss=0.3048 [box_reg=0.068 classifier=0.057 mask=0.177 objectness=0.001 rpn_box_reg=0.002] 0.35 it/s eta 9.5 min
    epoch 7/12 step 100/281 loss=0.3068 [box_reg=0.069 classifier=0.058 mask=0.177 objectness=0.001 rpn_box_reg=0.002] 0.35 it/s eta 8.6 min
    epoch 7/12 step 120/281 loss=0.3028 [box_reg=0.067 classifier=0.056 mask=0.177 objectness=0.001 rpn_box_reg=0.002] 0.35 it/s eta 7.7 min
    epoch 7/12 step 140/281 loss=0.3019 [box_reg=0.068 classifier=0.055 mask=0.176 objectness=0.001 rpn_box_reg=0.002] 0.34 it/s eta 6.8 min
    epoch 7/12 step 160/281 loss=0.2996 [box_reg=0.067 classifier=0.053 mask=0.177 objectness=0.001 rpn_box_reg=0.002] 0.35 it/s eta 5.8 min
    epoch 7/12 step 180/281 loss=0.2978 [box_reg=0.067 classifier=0.053 mask=0.176 objectness=0.001 rpn_box_reg=0.002] 0.35 it/s eta 4.9 min
    epoch 7/12 step 200/281 loss=0.2961 [box_reg=0.066 classifier=0.053 mask=0.175 objectness=0.001 rpn_box_reg=0.002] 0.35 it/s eta 3.9 min
    epoch 7/12 step 220/281 loss=0.2940 [box_reg=0.066 classifier=0.052 mask=0.173 objectness=0.001 rpn_box_reg=0.002] 0.35 it/s eta 2.9 min
    epoch 7/12 step 240/281 loss=0.2919 [box_reg=0.065 classifier=0.051 mask=0.173 objectness=0.001 rpn_box_reg=0.002] 0.35 it/s eta 2.0 min
    epoch 7/12 step 260/281 loss=0.2942 [box_reg=0.066 classifier=0.053 mask=0.174 objectness=0.001 rpn_box_reg=0.002] 0.35 it/s eta 1.0 min
    epoch 7/12 step 280/281 loss=0.2944 [box_reg=0.066 classifier=0.053 mask=0.173 objectness=0.001 rpn_box_reg=0.002] 0.35 it/s eta 0.0 min
  fold 3 epoch 7/12 done in 809s, mean loss 0.2946 [box_reg=0.0660 classifier=0.0530 mask=0.1731 objectness=0.0009 rpn_box_reg=0.0016]
  fold 3 checkpoint saved -> fold3.pt (epoch 7)
    epoch 8/12 step 20/281 loss=0.2499 [box_reg=0.052 classifier=0.037 mask=0.159 objectness=0.000 rpn_box_reg=0.001] 0.36 it/s eta 12.2 min
    epoch 8/12 step 40/281 loss=0.2554 [box_reg=0.053 classifier=0.036 mask=0.165 objectness=0.000 rpn_box_reg=0.001] 0.36 it/s eta 11.2 min
    epoch 8/12 step 60/281 loss=0.2603 [box_reg=0.054 classifier=0.039 mask=0.166 objectness=0.000 rpn_box_reg=0.001] 0.36 it/s eta 10.3 min
    epoch 8/12 step 80/281 loss=0.2604 [box_reg=0.053 classifier=0.039 mask=0.167 objectness=0.000 rpn_box_reg=0.001] 0.36 it/s eta 9.4 min
    epoch 8/12 step 100/281 loss=0.2663 [box_reg=0.055 classifier=0.041 mask=0.169 objectness=0.001 rpn_box_reg=0.001] 0.36 it/s eta 8.5 min
    epoch 8/12 step 120/281 loss=0.2702 [box_reg=0.057 classifier=0.043 mask=0.169 objectness=0.001 rpn_box_reg=0.001] 0.35 it/s eta 7.6 min
    epoch 8/12 step 140/281 loss=0.2736 [box_reg=0.058 classifier=0.045 mask=0.168 objectness=0.001 rpn_box_reg=0.001] 0.35 it/s eta 6.7 min
    epoch 8/12 step 160/281 loss=0.2797 [box_reg=0.060 classifier=0.049 mask=0.169 objectness=0.001 rpn_box_reg=0.001] 0.35 it/s eta 5.7 min
    epoch 8/12 step 180/281 loss=0.2772 [box_reg=0.059 classifier=0.048 mask=0.168 objectness=0.001 rpn_box_reg=0.001] 0.35 it/s eta 4.8 min
    epoch 8/12 step 200/281 loss=0.2780 [box_reg=0.059 classifier=0.047 mask=0.169 objectness=0.001 rpn_box_reg=0.001] 0.35 it/s eta 3.8 min
    epoch 8/12 step 220/281 loss=0.2790 [box_reg=0.060 classifier=0.047 mask=0.170 objectness=0.001 rpn_box_reg=0.001] 0.35 it/s eta 2.9 min
    epoch 8/12 step 240/281 loss=0.2765 [box_reg=0.059 classifier=0.046 mask=0.170 objectness=0.001 rpn_box_reg=0.001] 0.35 it/s eta 1.9 min
    epoch 8/12 step 260/281 loss=0.2760 [box_reg=0.058 classifier=0.045 mask=0.171 objectness=0.001 rpn_box_reg=0.001] 0.35 it/s eta 1.0 min
    epoch 8/12 step 280/281 loss=0.2736 [box_reg=0.057 classifier=0.044 mask=0.170 objectness=0.001 rpn_box_reg=0.001] 0.35 it/s eta 0.0 min
  fold 3 epoch 8/12 done in 797s, mean loss 0.2738 [box_reg=0.0573 classifier=0.0442 mask=0.1703 objectness=0.0006 rpn_box_reg=0.0013]
  fold 3 checkpoint saved -> fold3.pt (epoch 8)
    epoch 9/12 step 20/281 loss=0.2569 [box_reg=0.054 classifier=0.034 mask=0.168 objectness=0.001 rpn_box_reg=0.001] 0.35 it/s eta 12.5 min
    epoch 9/12 step 40/281 loss=0.2564 [box_reg=0.052 classifier=0.034 mask=0.169 objectness=0.001 rpn_box_reg=0.001] 0.35 it/s eta 11.4 min
    epoch 9/12 step 60/281 loss=0.2507 [box_reg=0.048 classifier=0.032 mask=0.169 objectness=0.001 rpn_box_reg=0.001] 0.36 it/s eta 10.4 min
    epoch 9/12 step 80/281 loss=0.2478 [box_reg=0.047 classifier=0.031 mask=0.168 objectness=0.001 rpn_box_reg=0.001] 0.36 it/s eta 9.3 min
    epoch 9/12 step 100/281 loss=0.2492 [box_reg=0.049 classifier=0.032 mask=0.167 objectness=0.001 rpn_box_reg=0.001] 0.36 it/s eta 8.4 min
    epoch 9/12 step 120/281 loss=0.2509 [box_reg=0.049 classifier=0.031 mask=0.169 objectness=0.001 rpn_box_reg=0.001] 0.36 it/s eta 7.5 min
    epoch 9/12 step 140/281 loss=0.2508 [box_reg=0.049 classifier=0.032 mask=0.169 objectness=0.001 rpn_box_reg=0.001] 0.36 it/s eta 6.6 min
    epoch 9/12 step 160/281 loss=0.2514 [box_reg=0.049 classifier=0.032 mask=0.168 objectness=0.001 rpn_box_reg=0.001] 0.36 it/s eta 5.7 min
    epoch 9/12 step 180/281 loss=0.2501 [box_reg=0.049 classifier=0.032 mask=0.167 objectness=0.001 rpn_box_reg=0.001] 0.36 it/s eta 4.7 min
    epoch 9/12 step 200/281 loss=0.2515 [box_reg=0.049 classifier=0.033 mask=0.168 objectness=0.001 rpn_box_reg=0.001] 0.35 it/s eta 3.8 min
    epoch 9/12 step 220/281 loss=0.2509 [box_reg=0.049 classifier=0.033 mask=0.168 objectness=0.001 rpn_box_reg=0.001] 0.35 it/s eta 2.9 min
    epoch 9/12 step 240/281 loss=0.2515 [box_reg=0.049 classifier=0.033 mask=0.167 objectness=0.001 rpn_box_reg=0.001] 0.35 it/s eta 1.9 min
    epoch 9/12 step 260/281 loss=0.2515 [box_reg=0.049 classifier=0.033 mask=0.168 objectness=0.001 rpn_box_reg=0.001] 0.35 it/s eta 1.0 min
    epoch 9/12 step 280/281 loss=0.2515 [box_reg=0.049 classifier=0.033 mask=0.168 objectness=0.001 rpn_box_reg=0.001] 0.35 it/s eta 0.0 min
  fold 3 epoch 9/12 done in 797s, mean loss 0.2516 [box_reg=0.0488 classifier=0.0334 mask=0.1677 objectness=0.0006 rpn_box_reg=0.0011]
  fold 3 checkpoint saved -> fold3.pt (epoch 9)
    epoch 10/12 step 20/281 loss=0.2460 [box_reg=0.046 classifier=0.028 mask=0.170 objectness=0.000 rpn_box_reg=0.001] 0.36 it/s eta 12.1 min
    epoch 10/12 step 40/281 loss=0.2342 [box_reg=0.039 classifier=0.025 mask=0.168 objectness=0.000 rpn_box_reg=0.001] 0.37 it/s eta 11.0 min
    epoch 10/12 step 60/281 loss=0.2349 [box_reg=0.039 classifier=0.025 mask=0.169 objectness=0.000 rpn_box_reg=0.001] 0.37 it/s eta 10.1 min
    epoch 10/12 step 80/281 loss=0.2323 [box_reg=0.039 classifier=0.025 mask=0.167 objectness=0.000 rpn_box_reg=0.001] 0.36 it/s eta 9.2 min
    epoch 10/12 step 100/281 loss=0.2344 [box_reg=0.041 classifier=0.026 mask=0.167 objectness=0.000 rpn_box_reg=0.001] 0.36 it/s eta 8.4 min
    epoch 10/12 step 120/281 loss=0.2355 [box_reg=0.041 classifier=0.026 mask=0.167 objectness=0.000 rpn_box_reg=0.001] 0.36 it/s eta 7.5 min
    epoch 10/12 step 140/281 loss=0.2361 [box_reg=0.042 classifier=0.026 mask=0.167 objectness=0.000 rpn_box_reg=0.001] 0.36 it/s eta 6.6 min
    epoch 10/12 step 160/281 loss=0.2366 [box_reg=0.041 classifier=0.026 mask=0.168 objectness=0.000 rpn_box_reg=0.001] 0.36 it/s eta 5.6 min
    epoch 10/12 step 180/281 loss=0.2371 [box_reg=0.042 classifier=0.026 mask=0.168 objectness=0.000 rpn_box_reg=0.001] 0.36 it/s eta 4.7 min
    epoch 10/12 step 200/281 loss=0.2357 [box_reg=0.041 classifier=0.026 mask=0.167 objectness=0.000 rpn_box_reg=0.001] 0.36 it/s eta 3.8 min
    epoch 10/12 step 220/281 loss=0.2342 [box_reg=0.041 classifier=0.026 mask=0.166 objectness=0.000 rpn_box_reg=0.001] 0.36 it/s eta 2.8 min
    epoch 10/12 step 240/281 loss=0.2350 [box_reg=0.041 classifier=0.026 mask=0.167 objectness=0.000 rpn_box_reg=0.001] 0.36 it/s eta 1.9 min
    epoch 10/12 step 260/281 loss=0.2341 [box_reg=0.041 classifier=0.026 mask=0.166 objectness=0.000 rpn_box_reg=0.001] 0.36 it/s eta 1.0 min
    epoch 10/12 step 280/281 loss=0.2355 [box_reg=0.042 classifier=0.026 mask=0.166 objectness=0.000 rpn_box_reg=0.001] 0.36 it/s eta 0.0 min
  fold 3 epoch 10/12 done in 785s, mean loss 0.2354 [box_reg=0.0418 classifier=0.0261 mask=0.1662 objectness=0.0004 rpn_box_reg=0.0010]
  fold 3 checkpoint saved -> fold3.pt (epoch 10)
    epoch 11/12 step 20/281 loss=0.2368 [box_reg=0.044 classifier=0.029 mask=0.161 objectness=0.001 rpn_box_reg=0.001] 0.36 it/s eta 12.1 min
    epoch 11/12 step 40/281 loss=0.2427 [box_reg=0.046 classifier=0.028 mask=0.167 objectness=0.001 rpn_box_reg=0.001] 0.36 it/s eta 11.1 min
    epoch 11/12 step 60/281 loss=0.2377 [box_reg=0.044 classifier=0.026 mask=0.167 objectness=0.001 rpn_box_reg=0.001] 0.36 it/s eta 10.2 min
    epoch 11/12 step 80/281 loss=0.2350 [box_reg=0.042 classifier=0.025 mask=0.166 objectness=0.000 rpn_box_reg=0.001] 0.36 it/s eta 9.3 min
    epoch 11/12 step 100/281 loss=0.2370 [box_reg=0.043 classifier=0.025 mask=0.167 objectness=0.001 rpn_box_reg=0.001] 0.36 it/s eta 8.4 min
    epoch 11/12 step 120/281 loss=0.2358 [box_reg=0.042 classifier=0.025 mask=0.167 objectness=0.001 rpn_box_reg=0.001] 0.36 it/s eta 7.5 min
    epoch 11/12 step 140/281 loss=0.2359 [box_reg=0.041 classifier=0.025 mask=0.168 objectness=0.001 rpn_box_reg=0.001] 0.36 it/s eta 6.5 min
    epoch 11/12 step 160/281 loss=0.2356 [box_reg=0.042 classifier=0.025 mask=0.167 objectness=0.001 rpn_box_reg=0.001] 0.36 it/s eta 5.6 min
    epoch 11/12 step 180/281 loss=0.2331 [box_reg=0.041 classifier=0.025 mask=0.166 objectness=0.001 rpn_box_reg=0.001] 0.36 it/s eta 4.7 min
    epoch 11/12 step 200/281 loss=0.2313 [box_reg=0.040 classifier=0.025 mask=0.165 objectness=0.001 rpn_box_reg=0.001] 0.36 it/s eta 3.8 min
    epoch 11/12 step 220/281 loss=0.2302 [box_reg=0.039 classifier=0.024 mask=0.165 objectness=0.001 rpn_box_reg=0.001] 0.36 it/s eta 2.8 min
    epoch 11/12 step 240/281 loss=0.2290 [box_reg=0.038 classifier=0.024 mask=0.165 objectness=0.000 rpn_box_reg=0.001] 0.36 it/s eta 1.9 min
    epoch 11/12 step 260/281 loss=0.2282 [box_reg=0.038 classifier=0.024 mask=0.165 objectness=0.001 rpn_box_reg=0.001] 0.36 it/s eta 1.0 min
    epoch 11/12 step 280/281 loss=0.2268 [box_reg=0.037 classifier=0.024 mask=0.165 objectness=0.000 rpn_box_reg=0.001] 0.36 it/s eta 0.0 min
  fold 3 epoch 11/12 done in 784s, mean loss 0.2268 [box_reg=0.0370 classifier=0.0237 mask=0.1647 objectness=0.0005 rpn_box_reg=0.0009]
  fold 3 checkpoint saved -> fold3.pt (epoch 11)
    epoch 12/12 step 20/281 loss=0.2288 [box_reg=0.041 classifier=0.027 mask=0.160 objectness=0.001 rpn_box_reg=0.001] 0.36 it/s eta 12.2 min
    epoch 12/12 step 40/281 loss=0.2255 [box_reg=0.038 classifier=0.024 mask=0.162 objectness=0.001 rpn_box_reg=0.001] 0.36 it/s eta 11.2 min
    epoch 12/12 step 60/281 loss=0.2219 [box_reg=0.035 classifier=0.023 mask=0.162 objectness=0.000 rpn_box_reg=0.001] 0.32 it/s eta 11.4 min
    epoch 12/12 step 80/281 loss=0.2194 [box_reg=0.035 classifier=0.023 mask=0.161 objectness=0.000 rpn_box_reg=0.001] 0.29 it/s eta 11.7 min
    epoch 12/12 step 100/281 loss=0.2209 [box_reg=0.035 classifier=0.023 mask=0.162 objectness=0.000 rpn_box_reg=0.001] 0.27 it/s eta 11.2 min
    epoch 12/12 step 120/281 loss=0.2229 [box_reg=0.036 classifier=0.023 mask=0.163 objectness=0.000 rpn_box_reg=0.001] 0.26 it/s eta 10.2 min
    epoch 12/12 step 140/281 loss=0.2228 [box_reg=0.035 classifier=0.023 mask=0.163 objectness=0.000 rpn_box_reg=0.001] 0.26 it/s eta 9.1 min
    epoch 12/12 step 160/281 loss=0.2236 [box_reg=0.035 classifier=0.024 mask=0.163 objectness=0.000 rpn_box_reg=0.001] 0.26 it/s eta 7.8 min
    epoch 12/12 step 180/281 loss=0.2226 [box_reg=0.035 classifier=0.023 mask=0.163 objectness=0.000 rpn_box_reg=0.001] 0.26 it/s eta 6.6 min
    epoch 12/12 step 200/281 loss=0.2207 [box_reg=0.034 classifier=0.023 mask=0.163 objectness=0.000 rpn_box_reg=0.001] 0.26 it/s eta 5.3 min
    epoch 12/12 step 220/281 loss=0.2210 [box_reg=0.034 classifier=0.022 mask=0.163 objectness=0.000 rpn_box_reg=0.001] 0.26 it/s eta 4.0 min
    epoch 12/12 step 240/281 loss=0.2219 [box_reg=0.035 classifier=0.023 mask=0.163 objectness=0.000 rpn_box_reg=0.001] 0.25 it/s eta 2.7 min
    epoch 12/12 step 260/281 loss=0.2237 [box_reg=0.035 classifier=0.023 mask=0.164 objectness=0.000 rpn_box_reg=0.001] 0.25 it/s eta 1.4 min
    epoch 12/12 step 280/281 loss=0.2228 [box_reg=0.035 classifier=0.023 mask=0.164 objectness=0.000 rpn_box_reg=0.001] 0.25 it/s eta 0.1 min
  fold 3 epoch 12/12 done in 1106s, mean loss 0.2226 [box_reg=0.0349 classifier=0.0229 mask=0.1635 objectness=0.0004 rpn_box_reg=0.0009]
  fold 3 checkpoint saved -> fold3.pt (epoch 12)
  fold 3 checkpoint -> /Users/seyonmacbook/WorkBuddy AI/妮娜皇后葡萄果粒着色阶段分级/outputs/checkpoints/fold3.pt
  fold 4: 562 train / 140 val images @ short_side=640
  target contract OK: masks (2, 640, 1138), boxes (2, 4), labels [1, 2] (num_classes=3)
    epoch 1/12 step 20/281 loss=1.1938 [box_reg=0.196 classifier=0.310 mask=0.597 objectness=0.079 rpn_box_reg=0.011] 0.26 it/s eta 16.8 min
    epoch 1/12 step 40/281 loss=0.9932 [box_reg=0.233 classifier=0.255 mask=0.439 objectness=0.055 rpn_box_reg=0.010] 0.26 it/s eta 15.5 min
    epoch 1/12 step 60/281 loss=0.8803 [box_reg=0.232 classifier=0.223 mask=0.375 objectness=0.041 rpn_box_reg=0.009] 0.26 it/s eta 14.3 min
    epoch 1/12 step 80/281 loss=0.8222 [box_reg=0.219 classifier=0.210 mask=0.350 objectness=0.034 rpn_box_reg=0.009] 0.26 it/s eta 12.9 min
    epoch 1/12 step 100/281 loss=0.7929 [box_reg=0.216 classifier=0.205 mask=0.333 objectness=0.030 rpn_box_reg=0.008] 0.26 it/s eta 11.7 min
    epoch 1/12 step 120/281 loss=0.7695 [box_reg=0.212 classifier=0.202 mask=0.320 objectness=0.028 rpn_box_reg=0.008] 0.26 it/s eta 10.4 min
    epoch 1/12 step 140/281 loss=0.7530 [box_reg=0.211 classifier=0.201 mask=0.308 objectness=0.026 rpn_box_reg=0.008] 0.26 it/s eta 9.2 min
    epoch 1/12 step 160/281 loss=0.7315 [box_reg=0.205 classifier=0.196 mask=0.299 objectness=0.024 rpn_box_reg=0.008] 0.26 it/s eta 7.9 min
    epoch 1/12 step 180/281 loss=0.7118 [box_reg=0.200 classifier=0.192 mask=0.290 objectness=0.022 rpn_box_reg=0.007] 0.26 it/s eta 6.6 min
    epoch 1/12 step 200/281 loss=0.6961 [box_reg=0.197 classifier=0.190 mask=0.282 objectness=0.020 rpn_box_reg=0.007] 0.26 it/s eta 5.3 min
    epoch 1/12 step 220/281 loss=0.6850 [box_reg=0.195 classifier=0.188 mask=0.276 objectness=0.019 rpn_box_reg=0.007] 0.26 it/s eta 4.0 min
    epoch 1/12 step 240/281 loss=0.6725 [box_reg=0.190 classifier=0.185 mask=0.272 objectness=0.018 rpn_box_reg=0.007] 0.26 it/s eta 2.7 min
    epoch 1/12 step 260/281 loss=0.6667 [box_reg=0.190 classifier=0.184 mask=0.269 objectness=0.017 rpn_box_reg=0.007] 0.26 it/s eta 1.4 min
    epoch 1/12 step 280/281 loss=0.6601 [box_reg=0.188 classifier=0.182 mask=0.266 objectness=0.017 rpn_box_reg=0.006] 0.26 it/s eta 0.1 min
  fold 4 epoch 1/12 done in 1099s, mean loss 0.6597 [box_reg=0.1884 classifier=0.1820 mask=0.2658 objectness=0.0170 rpn_box_reg=0.0064]
  fold 4 checkpoint saved -> fold4.pt (epoch 1)
    epoch 2/12 step 20/281 loss=0.4760 [box_reg=0.135 classifier=0.121 mask=0.212 objectness=0.004 rpn_box_reg=0.004] 0.26 it/s eta 16.7 min
    epoch 2/12 step 40/281 loss=0.4908 [box_reg=0.142 classifier=0.134 mask=0.205 objectness=0.005 rpn_box_reg=0.004] 0.26 it/s eta 15.6 min
    epoch 2/12 step 60/281 loss=0.5030 [box_reg=0.143 classifier=0.142 mask=0.208 objectness=0.006 rpn_box_reg=0.004] 0.26 it/s eta 14.2 min
    epoch 2/12 step 80/281 loss=0.5080 [box_reg=0.145 classifier=0.145 mask=0.208 objectness=0.006 rpn_box_reg=0.004] 0.26 it/s eta 12.9 min
    epoch 2/12 step 100/281 loss=0.5175 [box_reg=0.149 classifier=0.150 mask=0.207 objectness=0.006 rpn_box_reg=0.004] 0.26 it/s eta 11.7 min
    epoch 2/12 step 120/281 loss=0.5154 [box_reg=0.149 classifier=0.150 mask=0.206 objectness=0.006 rpn_box_reg=0.004] 0.26 it/s eta 10.4 min
    epoch 2/12 step 140/281 loss=0.5106 [box_reg=0.147 classifier=0.147 mask=0.206 objectness=0.006 rpn_box_reg=0.004] 0.26 it/s eta 9.1 min
    epoch 2/12 step 160/281 loss=0.5099 [box_reg=0.147 classifier=0.147 mask=0.207 objectness=0.005 rpn_box_reg=0.004] 0.26 it/s eta 7.9 min
    epoch 2/12 step 180/281 loss=0.5145 [box_reg=0.149 classifier=0.148 mask=0.208 objectness=0.006 rpn_box_reg=0.004] 0.26 it/s eta 6.6 min
    epoch 2/12 step 200/281 loss=0.5065 [box_reg=0.145 classifier=0.145 mask=0.207 objectness=0.005 rpn_box_reg=0.004] 0.26 it/s eta 5.3 min
    epoch 2/12 step 220/281 loss=0.5061 [box_reg=0.145 classifier=0.145 mask=0.207 objectness=0.005 rpn_box_reg=0.004] 0.26 it/s eta 4.0 min
    epoch 2/12 step 240/281 loss=0.5017 [box_reg=0.145 classifier=0.143 mask=0.205 objectness=0.005 rpn_box_reg=0.004] 0.26 it/s eta 2.7 min
    epoch 2/12 step 260/281 loss=0.4969 [box_reg=0.142 classifier=0.142 mask=0.204 objectness=0.005 rpn_box_reg=0.004] 0.26 it/s eta 1.4 min
    epoch 2/12 step 280/281 loss=0.4974 [box_reg=0.142 classifier=0.141 mask=0.205 objectness=0.005 rpn_box_reg=0.004] 0.26 it/s eta 0.1 min
  fold 4 epoch 2/12 done in 1093s, mean loss 0.4974 [box_reg=0.1417 classifier=0.1415 mask=0.2051 objectness=0.0051 rpn_box_reg=0.0040]
  fold 4 checkpoint saved -> fold4.pt (epoch 2)
    epoch 3/12 step 20/281 loss=0.4317 [box_reg=0.115 classifier=0.122 mask=0.189 objectness=0.002 rpn_box_reg=0.003] 0.26 it/s eta 16.7 min
    epoch 3/12 step 40/281 loss=0.4323 [box_reg=0.116 classifier=0.121 mask=0.190 objectness=0.002 rpn_box_reg=0.003] 0.26 it/s eta 15.4 min
    epoch 3/12 step 60/281 loss=0.4423 [box_reg=0.117 classifier=0.124 mask=0.196 objectness=0.003 rpn_box_reg=0.003] 0.26 it/s eta 14.2 min
    epoch 3/12 step 80/281 loss=0.4340 [box_reg=0.114 classifier=0.119 mask=0.196 objectness=0.002 rpn_box_reg=0.003] 0.26 it/s eta 13.0 min
    epoch 3/12 step 100/281 loss=0.4374 [box_reg=0.118 classifier=0.117 mask=0.198 objectness=0.002 rpn_box_reg=0.003] 0.26 it/s eta 11.7 min
    epoch 3/12 step 120/281 loss=0.4336 [box_reg=0.116 classifier=0.115 mask=0.197 objectness=0.002 rpn_box_reg=0.003] 0.25 it/s eta 10.5 min
    epoch 3/12 step 140/281 loss=0.4310 [box_reg=0.115 classifier=0.114 mask=0.197 objectness=0.002 rpn_box_reg=0.003] 0.25 it/s eta 9.2 min
    epoch 3/12 step 160/281 loss=0.4317 [box_reg=0.116 classifier=0.115 mask=0.196 objectness=0.002 rpn_box_reg=0.003] 0.26 it/s eta 7.9 min
    epoch 3/12 step 180/281 loss=0.4324 [box_reg=0.116 classifier=0.115 mask=0.196 objectness=0.002 rpn_box_reg=0.003] 0.26 it/s eta 6.6 min
    epoch 3/12 step 200/281 loss=0.4344 [box_reg=0.117 classifier=0.116 mask=0.196 objectness=0.002 rpn_box_reg=0.003] 0.26 it/s eta 5.3 min
    epoch 3/12 step 220/281 loss=0.4368 [box_reg=0.118 classifier=0.118 mask=0.195 objectness=0.003 rpn_box_reg=0.003] 0.26 it/s eta 4.0 min
    epoch 3/12 step 240/281 loss=0.4380 [box_reg=0.118 classifier=0.118 mask=0.196 objectness=0.003 rpn_box_reg=0.003] 0.26 it/s eta 2.7 min
    epoch 3/12 step 260/281 loss=0.4406 [box_reg=0.120 classifier=0.119 mask=0.196 objectness=0.003 rpn_box_reg=0.003] 0.26 it/s eta 1.4 min
    epoch 3/12 step 280/281 loss=0.4426 [box_reg=0.121 classifier=0.120 mask=0.196 objectness=0.003 rpn_box_reg=0.003] 0.25 it/s eta 0.1 min
  fold 4 epoch 3/12 done in 1103s, mean loss 0.4432 [box_reg=0.1211 classifier=0.1202 mask=0.1956 objectness=0.0030 rpn_box_reg=0.0032]
  fold 4 checkpoint saved -> fold4.pt (epoch 3)
    epoch 4/12 step 20/281 loss=0.4506 [box_reg=0.131 classifier=0.113 mask=0.199 objectness=0.003 rpn_box_reg=0.004] 0.25 it/s eta 17.6 min
    epoch 4/12 step 40/281 loss=0.4178 [box_reg=0.121 classifier=0.106 mask=0.186 objectness=0.002 rpn_box_reg=0.003] 0.25 it/s eta 16.1 min
    epoch 4/12 step 60/281 loss=0.4137 [box_reg=0.114 classifier=0.108 mask=0.186 objectness=0.002 rpn_box_reg=0.003] 0.25 it/s eta 14.6 min
    epoch 4/12 step 80/281 loss=0.4074 [box_reg=0.107 classifier=0.108 mask=0.187 objectness=0.002 rpn_box_reg=0.003] 0.25 it/s eta 13.3 min
    epoch 4/12 step 100/281 loss=0.4065 [box_reg=0.108 classifier=0.106 mask=0.187 objectness=0.002 rpn_box_reg=0.003] 0.25 it/s eta 12.0 min
    epoch 4/12 step 120/281 loss=0.4015 [box_reg=0.105 classifier=0.105 mask=0.187 objectness=0.002 rpn_box_reg=0.003] 0.25 it/s eta 10.6 min
    epoch 4/12 step 140/281 loss=0.4026 [box_reg=0.106 classifier=0.104 mask=0.187 objectness=0.002 rpn_box_reg=0.003] 0.25 it/s eta 9.3 min
    epoch 4/12 step 160/281 loss=0.4057 [box_reg=0.107 classifier=0.105 mask=0.188 objectness=0.002 rpn_box_reg=0.003] 0.25 it/s eta 8.0 min
    epoch 4/12 step 180/281 loss=0.4061 [box_reg=0.109 classifier=0.105 mask=0.187 objectness=0.002 rpn_box_reg=0.003] 0.25 it/s eta 6.6 min
    epoch 4/12 step 200/281 loss=0.4014 [box_reg=0.107 classifier=0.104 mask=0.186 objectness=0.002 rpn_box_reg=0.003] 0.25 it/s eta 5.3 min
    epoch 4/12 step 220/281 loss=0.3991 [box_reg=0.106 classifier=0.102 mask=0.186 objectness=0.002 rpn_box_reg=0.003] 0.25 it/s eta 4.0 min
    epoch 4/12 step 240/281 loss=0.3960 [box_reg=0.104 classifier=0.101 mask=0.186 objectness=0.002 rpn_box_reg=0.003] 0.25 it/s eta 2.7 min
    epoch 4/12 step 260/281 loss=0.3942 [box_reg=0.102 classifier=0.102 mask=0.185 objectness=0.002 rpn_box_reg=0.003] 0.25 it/s eta 1.4 min
    epoch 4/12 step 280/281 loss=0.3920 [box_reg=0.102 classifier=0.101 mask=0.184 objectness=0.002 rpn_box_reg=0.003] 0.25 it/s eta 0.1 min
  fold 4 epoch 4/12 done in 1103s, mean loss 0.3921 [box_reg=0.1018 classifier=0.1009 mask=0.1844 objectness=0.0024 rpn_box_reg=0.0026]
  fold 4 checkpoint saved -> fold4.pt (epoch 4)
    epoch 5/12 step 20/281 loss=0.3482 [box_reg=0.086 classifier=0.079 mask=0.178 objectness=0.003 rpn_box_reg=0.002] 0.24 it/s eta 18.4 min
    epoch 5/12 step 40/281 loss=0.3554 [box_reg=0.091 classifier=0.084 mask=0.176 objectness=0.002 rpn_box_reg=0.002] 0.24 it/s eta 16.5 min
    epoch 5/12 step 60/281 loss=0.3537 [box_reg=0.090 classifier=0.083 mask=0.177 objectness=0.002 rpn_box_reg=0.002] 0.25 it/s eta 14.9 min
    epoch 5/12 step 80/281 loss=0.3564 [box_reg=0.090 classifier=0.084 mask=0.177 objectness=0.002 rpn_box_reg=0.002] 0.25 it/s eta 13.4 min
    epoch 5/12 step 100/281 loss=0.3528 [box_reg=0.090 classifier=0.082 mask=0.177 objectness=0.002 rpn_box_reg=0.002] 0.25 it/s eta 12.0 min
    epoch 5/12 step 120/281 loss=0.3541 [box_reg=0.090 classifier=0.082 mask=0.178 objectness=0.002 rpn_box_reg=0.002] 0.25 it/s eta 10.7 min
    epoch 5/12 step 140/281 loss=0.3554 [box_reg=0.090 classifier=0.083 mask=0.179 objectness=0.002 rpn_box_reg=0.002] 0.25 it/s eta 9.3 min
    epoch 5/12 step 160/281 loss=0.3595 [box_reg=0.092 classifier=0.084 mask=0.179 objectness=0.002 rpn_box_reg=0.002] 0.25 it/s eta 8.0 min
    epoch 5/12 step 180/281 loss=0.3594 [box_reg=0.092 classifier=0.084 mask=0.179 objectness=0.002 rpn_box_reg=0.002] 0.25 it/s eta 6.7 min
    epoch 5/12 step 200/281 loss=0.3568 [box_reg=0.090 classifier=0.083 mask=0.180 objectness=0.002 rpn_box_reg=0.002] 0.26 it/s eta 5.1 min
    epoch 5/12 step 220/281 loss=0.3575 [box_reg=0.090 classifier=0.083 mask=0.181 objectness=0.002 rpn_box_reg=0.002] 0.27 it/s eta 3.7 min
    epoch 5/12 step 240/281 loss=0.3567 [box_reg=0.091 classifier=0.083 mask=0.180 objectness=0.002 rpn_box_reg=0.002] 0.28 it/s eta 2.4 min
    epoch 5/12 step 260/281 loss=0.3582 [box_reg=0.091 classifier=0.083 mask=0.180 objectness=0.002 rpn_box_reg=0.002] 0.28 it/s eta 1.2 min
    epoch 5/12 step 280/281 loss=0.3572 [box_reg=0.091 classifier=0.082 mask=0.181 objectness=0.002 rpn_box_reg=0.002] 0.28 it/s eta 0.1 min
  fold 4 epoch 5/12 done in 995s, mean loss 0.3572 [box_reg=0.0906 classifier=0.0821 mask=0.1807 objectness=0.0016 rpn_box_reg=0.0022]
  fold 4 checkpoint saved -> fold4.pt (epoch 5)
    epoch 6/12 step 20/281 loss=0.3439 [box_reg=0.083 classifier=0.078 mask=0.180 objectness=0.001 rpn_box_reg=0.002] 0.29 it/s eta 15.1 min
    epoch 6/12 step 40/281 loss=0.3400 [box_reg=0.083 classifier=0.072 mask=0.181 objectness=0.001 rpn_box_reg=0.002] 0.29 it/s eta 14.0 min
    epoch 6/12 step 60/281 loss=0.3422 [box_reg=0.086 classifier=0.070 mask=0.182 objectness=0.001 rpn_box_reg=0.002] 0.29 it/s eta 12.5 min
    epoch 6/12 step 80/281 loss=0.3439 [box_reg=0.087 classifier=0.074 mask=0.180 objectness=0.001 rpn_box_reg=0.002] 0.30 it/s eta 11.3 min
    epoch 6/12 step 100/281 loss=0.3411 [box_reg=0.086 classifier=0.074 mask=0.178 objectness=0.001 rpn_box_reg=0.002] 0.30 it/s eta 10.1 min
    epoch 6/12 step 120/281 loss=0.3412 [box_reg=0.085 classifier=0.072 mask=0.180 objectness=0.001 rpn_box_reg=0.002] 0.30 it/s eta 9.0 min
    epoch 6/12 step 140/281 loss=0.3370 [box_reg=0.085 classifier=0.070 mask=0.180 objectness=0.001 rpn_box_reg=0.002] 0.29 it/s eta 8.0 min
    epoch 6/12 step 160/281 loss=0.3337 [box_reg=0.084 classifier=0.069 mask=0.178 objectness=0.001 rpn_box_reg=0.002] 0.29 it/s eta 7.0 min
    epoch 6/12 step 180/281 loss=0.3342 [box_reg=0.083 classifier=0.070 mask=0.178 objectness=0.001 rpn_box_reg=0.002] 0.29 it/s eta 5.8 min
    epoch 6/12 step 200/281 loss=0.3328 [box_reg=0.082 classifier=0.071 mask=0.177 objectness=0.001 rpn_box_reg=0.002] 0.29 it/s eta 4.7 min
    epoch 6/12 step 220/281 loss=0.3305 [box_reg=0.081 classifier=0.070 mask=0.177 objectness=0.001 rpn_box_reg=0.002] 0.28 it/s eta 3.6 min
    epoch 6/12 step 240/281 loss=0.3287 [box_reg=0.081 classifier=0.069 mask=0.176 objectness=0.001 rpn_box_reg=0.002] 0.28 it/s eta 2.4 min
    epoch 6/12 step 260/281 loss=0.3272 [box_reg=0.080 classifier=0.068 mask=0.176 objectness=0.001 rpn_box_reg=0.002] 0.28 it/s eta 1.2 min
    epoch 6/12 step 280/281 loss=0.3274 [box_reg=0.080 classifier=0.069 mask=0.176 objectness=0.001 rpn_box_reg=0.002] 0.28 it/s eta 0.1 min
  fold 4 epoch 6/12 done in 1010s, mean loss 0.3274 [box_reg=0.0800 classifier=0.0690 mask=0.1757 objectness=0.0009 rpn_box_reg=0.0018]
  fold 4 checkpoint saved -> fold4.pt (epoch 6)
    epoch 7/12 step 20/281 loss=0.3046 [box_reg=0.074 classifier=0.060 mask=0.167 objectness=0.001 rpn_box_reg=0.002] 0.26 it/s eta 16.5 min
    epoch 7/12 step 40/281 loss=0.3158 [box_reg=0.075 classifier=0.063 mask=0.174 objectness=0.001 rpn_box_reg=0.002] 0.26 it/s eta 15.5 min
    epoch 7/12 step 60/281 loss=0.3079 [box_reg=0.072 classifier=0.059 mask=0.174 objectness=0.001 rpn_box_reg=0.002] 0.26 it/s eta 14.4 min
    epoch 7/12 step 80/281 loss=0.3028 [box_reg=0.069 classifier=0.059 mask=0.172 objectness=0.001 rpn_box_reg=0.002] 0.25 it/s eta 13.2 min
    epoch 7/12 step 100/281 loss=0.3005 [box_reg=0.069 classifier=0.056 mask=0.173 objectness=0.001 rpn_box_reg=0.002] 0.26 it/s eta 11.8 min
    epoch 7/12 step 120/281 loss=0.2984 [box_reg=0.069 classifier=0.055 mask=0.172 objectness=0.001 rpn_box_reg=0.001] 0.26 it/s eta 10.4 min
    epoch 7/12 step 140/281 loss=0.2986 [box_reg=0.069 classifier=0.055 mask=0.172 objectness=0.001 rpn_box_reg=0.001] 0.26 it/s eta 8.9 min
    epoch 7/12 step 160/281 loss=0.2984 [box_reg=0.069 classifier=0.055 mask=0.171 objectness=0.001 rpn_box_reg=0.001] 0.27 it/s eta 7.6 min
    epoch 7/12 step 180/281 loss=0.2986 [box_reg=0.068 classifier=0.056 mask=0.172 objectness=0.001 rpn_box_reg=0.002] 0.27 it/s eta 6.2 min
    epoch 7/12 step 200/281 loss=0.2991 [box_reg=0.068 classifier=0.056 mask=0.172 objectness=0.001 rpn_box_reg=0.001] 0.27 it/s eta 4.9 min
    epoch 7/12 step 220/281 loss=0.3000 [box_reg=0.068 classifier=0.057 mask=0.173 objectness=0.001 rpn_box_reg=0.002] 0.28 it/s eta 3.7 min
    epoch 7/12 step 240/281 loss=0.3026 [box_reg=0.069 classifier=0.058 mask=0.173 objectness=0.001 rpn_box_reg=0.002] 0.28 it/s eta 2.5 min
    epoch 7/12 step 260/281 loss=0.3012 [box_reg=0.068 classifier=0.058 mask=0.172 objectness=0.001 rpn_box_reg=0.002] 0.28 it/s eta 1.3 min
    epoch 7/12 step 280/281 loss=0.3003 [box_reg=0.068 classifier=0.058 mask=0.172 objectness=0.001 rpn_box_reg=0.002] 0.28 it/s eta 0.1 min
  fold 4 epoch 7/12 done in 1007s, mean loss 0.3001 [box_reg=0.0683 classifier=0.0578 mask=0.1715 objectness=0.0009 rpn_box_reg=0.0015]
  fold 4 checkpoint saved -> fold4.pt (epoch 7)
    epoch 8/12 step 20/281 loss=0.2668 [box_reg=0.051 classifier=0.044 mask=0.171 objectness=0.001 rpn_box_reg=0.001] 0.28 it/s eta 15.3 min
    epoch 8/12 step 40/281 loss=0.2747 [box_reg=0.058 classifier=0.044 mask=0.171 objectness=0.001 rpn_box_reg=0.001] 0.28 it/s eta 14.3 min
    epoch 8/12 step 60/281 loss=0.2797 [box_reg=0.061 classifier=0.043 mask=0.173 objectness=0.001 rpn_box_reg=0.001] 0.29 it/s eta 12.9 min
    epoch 8/12 step 80/281 loss=0.2743 [box_reg=0.058 classifier=0.041 mask=0.172 objectness=0.001 rpn_box_reg=0.001] 0.29 it/s eta 11.7 min
    epoch 8/12 step 100/281 loss=0.2728 [box_reg=0.058 classifier=0.041 mask=0.172 objectness=0.001 rpn_box_reg=0.001] 0.29 it/s eta 10.5 min
    epoch 8/12 step 120/281 loss=0.2734 [box_reg=0.058 classifier=0.043 mask=0.171 objectness=0.001 rpn_box_reg=0.001] 0.28 it/s eta 9.5 min
    epoch 8/12 step 140/281 loss=0.2732 [box_reg=0.058 classifier=0.043 mask=0.170 objectness=0.001 rpn_box_reg=0.001] 0.28 it/s eta 8.4 min
    epoch 8/12 step 160/281 loss=0.2710 [box_reg=0.057 classifier=0.043 mask=0.169 objectness=0.001 rpn_box_reg=0.001] 0.28 it/s eta 7.2 min
    epoch 8/12 step 180/281 loss=0.2710 [box_reg=0.058 classifier=0.043 mask=0.169 objectness=0.001 rpn_box_reg=0.001] 0.28 it/s eta 6.1 min
    epoch 8/12 step 200/281 loss=0.2720 [box_reg=0.058 classifier=0.044 mask=0.168 objectness=0.001 rpn_box_reg=0.001] 0.28 it/s eta 4.9 min
    epoch 8/12 step 220/281 loss=0.2721 [box_reg=0.058 classifier=0.043 mask=0.169 objectness=0.001 rpn_box_reg=0.001] 0.28 it/s eta 3.7 min
    epoch 8/12 step 240/281 loss=0.2711 [box_reg=0.058 classifier=0.043 mask=0.168 objectness=0.001 rpn_box_reg=0.001] 0.28 it/s eta 2.5 min
    epoch 8/12 step 260/281 loss=0.2706 [box_reg=0.058 classifier=0.043 mask=0.168 objectness=0.001 rpn_box_reg=0.001] 0.28 it/s eta 1.3 min
    epoch 8/12 step 280/281 loss=0.2697 [box_reg=0.057 classifier=0.043 mask=0.168 objectness=0.001 rpn_box_reg=0.001] 0.28 it/s eta 0.1 min
  fold 4 epoch 8/12 done in 1004s, mean loss 0.2697 [box_reg=0.0573 classifier=0.0425 mask=0.1680 objectness=0.0006 rpn_box_reg=0.0013]
  fold 4 checkpoint saved -> fold4.pt (epoch 8)
    epoch 9/12 step 20/281 loss=0.2461 [box_reg=0.050 classifier=0.033 mask=0.161 objectness=0.000 rpn_box_reg=0.001] 0.24 it/s eta 18.0 min
    epoch 9/12 step 40/281 loss=0.2549 [box_reg=0.055 classifier=0.034 mask=0.165 objectness=0.000 rpn_box_reg=0.001] 0.24 it/s eta 16.4 min
    epoch 9/12 step 60/281 loss=0.2479 [box_reg=0.051 classifier=0.032 mask=0.163 objectness=0.000 rpn_box_reg=0.001] 0.25 it/s eta 14.9 min
    epoch 9/12 step 80/281 loss=0.2491 [box_reg=0.051 classifier=0.031 mask=0.165 objectness=0.000 rpn_box_reg=0.001] 0.25 it/s eta 13.2 min
    epoch 9/12 step 100/281 loss=0.2498 [box_reg=0.051 classifier=0.032 mask=0.165 objectness=0.000 rpn_box_reg=0.001] 0.26 it/s eta 11.4 min
    epoch 9/12 step 120/281 loss=0.2510 [box_reg=0.051 classifier=0.033 mask=0.165 objectness=0.000 rpn_box_reg=0.001] 0.27 it/s eta 9.9 min
    epoch 9/12 step 140/281 loss=0.2501 [box_reg=0.051 classifier=0.032 mask=0.166 objectness=0.001 rpn_box_reg=0.001] 0.28 it/s eta 8.5 min
    epoch 9/12 step 160/281 loss=0.2479 [box_reg=0.049 classifier=0.032 mask=0.165 objectness=0.000 rpn_box_reg=0.001] 0.28 it/s eta 7.2 min
    epoch 9/12 step 180/281 loss=0.2479 [box_reg=0.049 classifier=0.032 mask=0.165 objectness=0.000 rpn_box_reg=0.001] 0.28 it/s eta 5.9 min
    epoch 9/12 step 200/281 loss=0.2468 [box_reg=0.049 classifier=0.031 mask=0.165 objectness=0.000 rpn_box_reg=0.001] 0.29 it/s eta 4.7 min
    epoch 9/12 step 220/281 loss=0.2483 [box_reg=0.049 classifier=0.032 mask=0.166 objectness=0.000 rpn_box_reg=0.001] 0.29 it/s eta 3.5 min
    epoch 9/12 step 240/281 loss=0.2482 [box_reg=0.049 classifier=0.032 mask=0.166 objectness=0.000 rpn_box_reg=0.001] 0.29 it/s eta 2.4 min
    epoch 9/12 step 260/281 loss=0.2487 [box_reg=0.049 classifier=0.032 mask=0.166 objectness=0.001 rpn_box_reg=0.001] 0.29 it/s eta 1.2 min
    epoch 9/12 step 280/281 loss=0.2486 [box_reg=0.049 classifier=0.032 mask=0.166 objectness=0.001 rpn_box_reg=0.001] 0.29 it/s eta 0.1 min
  fold 4 epoch 9/12 done in 970s, mean loss 0.2490 [box_reg=0.0491 classifier=0.0327 mask=0.1657 objectness=0.0005 rpn_box_reg=0.0010]
  fold 4 checkpoint saved -> fold4.pt (epoch 9)
    epoch 10/12 step 20/281 loss=0.2447 [box_reg=0.044 classifier=0.029 mask=0.170 objectness=0.000 rpn_box_reg=0.001] 0.30 it/s eta 14.3 min
    epoch 10/12 step 40/281 loss=0.2377 [box_reg=0.042 classifier=0.029 mask=0.166 objectness=0.001 rpn_box_reg=0.001] 0.29 it/s eta 14.0 min
    epoch 10/12 step 60/281 loss=0.2375 [box_reg=0.042 classifier=0.029 mask=0.165 objectness=0.001 rpn_box_reg=0.001] 0.27 it/s eta 13.5 min
    epoch 10/12 step 80/281 loss=0.2337 [box_reg=0.041 classifier=0.028 mask=0.163 objectness=0.000 rpn_box_reg=0.001] 0.28 it/s eta 12.0 min
    epoch 10/12 step 100/281 loss=0.2331 [box_reg=0.041 classifier=0.028 mask=0.163 objectness=0.000 rpn_box_reg=0.001] 0.28 it/s eta 10.8 min
    epoch 10/12 step 120/281 loss=0.2331 [box_reg=0.041 classifier=0.028 mask=0.162 objectness=0.000 rpn_box_reg=0.001] 0.29 it/s eta 9.4 min
    epoch 10/12 step 140/281 loss=0.2314 [box_reg=0.041 classifier=0.028 mask=0.162 objectness=0.000 rpn_box_reg=0.001] 0.29 it/s eta 8.1 min
    epoch 10/12 step 160/281 loss=0.2305 [box_reg=0.040 classifier=0.028 mask=0.161 objectness=0.000 rpn_box_reg=0.001] 0.29 it/s eta 6.9 min
    epoch 10/12 step 180/281 loss=0.2310 [box_reg=0.040 classifier=0.028 mask=0.162 objectness=0.000 rpn_box_reg=0.001] 0.29 it/s eta 5.7 min
    epoch 10/12 step 200/281 loss=0.2304 [box_reg=0.040 classifier=0.027 mask=0.162 objectness=0.000 rpn_box_reg=0.001] 0.29 it/s eta 4.6 min
    epoch 10/12 step 220/281 loss=0.2310 [box_reg=0.041 classifier=0.028 mask=0.162 objectness=0.000 rpn_box_reg=0.001] 0.29 it/s eta 3.5 min
    epoch 10/12 step 240/281 loss=0.2336 [box_reg=0.042 classifier=0.028 mask=0.163 objectness=0.000 rpn_box_reg=0.001] 0.29 it/s eta 2.3 min
    epoch 10/12 step 260/281 loss=0.2342 [box_reg=0.042 classifier=0.028 mask=0.163 objectness=0.000 rpn_box_reg=0.001] 0.29 it/s eta 1.2 min
    epoch 10/12 step 280/281 loss=0.2351 [box_reg=0.042 classifier=0.028 mask=0.164 objectness=0.000 rpn_box_reg=0.001] 0.29 it/s eta 0.1 min
  fold 4 epoch 10/12 done in 958s, mean loss 0.2351 [box_reg=0.0419 classifier=0.0283 mask=0.1636 objectness=0.0004 rpn_box_reg=0.0009]
  fold 4 checkpoint saved -> fold4.pt (epoch 10)
    epoch 11/12 step 20/281 loss=0.2282 [box_reg=0.039 classifier=0.029 mask=0.159 objectness=0.000 rpn_box_reg=0.001] 0.27 it/s eta 16.1 min
    epoch 11/12 step 40/281 loss=0.2183 [box_reg=0.037 classifier=0.025 mask=0.155 objectness=0.001 rpn_box_reg=0.001] 0.27 it/s eta 14.8 min
    epoch 11/12 step 60/281 loss=0.2263 [box_reg=0.039 classifier=0.027 mask=0.159 objectness=0.000 rpn_box_reg=0.001] 0.27 it/s eta 13.5 min
    epoch 11/12 step 80/281 loss=0.2264 [box_reg=0.039 classifier=0.027 mask=0.159 objectness=0.000 rpn_box_reg=0.001] 0.28 it/s eta 12.2 min
    epoch 11/12 step 100/281 loss=0.2248 [box_reg=0.038 classifier=0.026 mask=0.160 objectness=0.000 rpn_box_reg=0.001] 0.28 it/s eta 10.9 min
    epoch 11/12 step 120/281 loss=0.2261 [box_reg=0.038 classifier=0.026 mask=0.161 objectness=0.000 rpn_box_reg=0.001] 0.28 it/s eta 9.6 min
    epoch 11/12 step 140/281 loss=0.2281 [box_reg=0.038 classifier=0.026 mask=0.163 objectness=0.000 rpn_box_reg=0.001] 0.28 it/s eta 8.4 min
    epoch 11/12 step 160/281 loss=0.2262 [box_reg=0.037 classifier=0.026 mask=0.162 objectness=0.000 rpn_box_reg=0.001] 0.28 it/s eta 7.2 min
    epoch 11/12 step 180/281 loss=0.2252 [box_reg=0.036 classifier=0.025 mask=0.162 objectness=0.000 rpn_box_reg=0.001] 0.28 it/s eta 6.0 min
    epoch 11/12 step 200/281 loss=0.2263 [box_reg=0.037 classifier=0.025 mask=0.163 objectness=0.000 rpn_box_reg=0.001] 0.28 it/s eta 4.8 min
    epoch 11/12 step 220/281 loss=0.2257 [box_reg=0.037 classifier=0.025 mask=0.163 objectness=0.000 rpn_box_reg=0.001] 0.28 it/s eta 3.6 min
    epoch 11/12 step 240/281 loss=0.2262 [box_reg=0.037 classifier=0.025 mask=0.163 objectness=0.000 rpn_box_reg=0.001] 0.28 it/s eta 2.4 min
    epoch 11/12 step 260/281 loss=0.2259 [box_reg=0.037 classifier=0.025 mask=0.163 objectness=0.000 rpn_box_reg=0.001] 0.28 it/s eta 1.2 min
    epoch 11/12 step 280/281 loss=0.2263 [box_reg=0.037 classifier=0.025 mask=0.163 objectness=0.000 rpn_box_reg=0.001] 0.28 it/s eta 0.1 min
  fold 4 epoch 11/12 done in 1003s, mean loss 0.2262 [box_reg=0.0367 classifier=0.0250 mask=0.1632 objectness=0.0004 rpn_box_reg=0.0009]
  fold 4 checkpoint saved -> fold4.pt (epoch 11)
    epoch 12/12 step 20/281 loss=0.2083 [box_reg=0.034 classifier=0.020 mask=0.153 objectness=0.000 rpn_box_reg=0.001] 0.30 it/s eta 14.4 min
    epoch 12/12 step 40/281 loss=0.2185 [box_reg=0.034 classifier=0.023 mask=0.161 objectness=0.000 rpn_box_reg=0.001] 0.31 it/s eta 13.1 min
    epoch 12/12 step 60/281 loss=0.2187 [box_reg=0.033 classifier=0.023 mask=0.161 objectness=0.000 rpn_box_reg=0.001] 0.31 it/s eta 11.9 min
    epoch 12/12 step 80/281 loss=0.2172 [box_reg=0.033 classifier=0.023 mask=0.159 objectness=0.000 rpn_box_reg=0.001] 0.31 it/s eta 10.8 min
    epoch 12/12 step 100/281 loss=0.2164 [box_reg=0.033 classifier=0.023 mask=0.159 objectness=0.000 rpn_box_reg=0.001] 0.31 it/s eta 9.6 min
    epoch 12/12 step 120/281 loss=0.2196 [box_reg=0.035 classifier=0.023 mask=0.161 objectness=0.000 rpn_box_reg=0.001] 0.32 it/s eta 8.4 min
    epoch 12/12 step 140/281 loss=0.2185 [box_reg=0.034 classifier=0.023 mask=0.160 objectness=0.000 rpn_box_reg=0.001] 0.32 it/s eta 7.3 min
    epoch 12/12 step 160/281 loss=0.2193 [box_reg=0.035 classifier=0.023 mask=0.160 objectness=0.000 rpn_box_reg=0.001] 0.33 it/s eta 6.2 min
    epoch 12/12 step 180/281 loss=0.2187 [box_reg=0.034 classifier=0.023 mask=0.160 objectness=0.000 rpn_box_reg=0.001] 0.33 it/s eta 5.1 min
    epoch 12/12 step 200/281 loss=0.2204 [box_reg=0.034 classifier=0.023 mask=0.162 objectness=0.000 rpn_box_reg=0.001] 0.33 it/s eta 4.1 min
    epoch 12/12 step 220/281 loss=0.2209 [box_reg=0.035 classifier=0.023 mask=0.162 objectness=0.000 rpn_box_reg=0.001] 0.33 it/s eta 3.1 min
    epoch 12/12 step 240/281 loss=0.2212 [box_reg=0.035 classifier=0.023 mask=0.161 objectness=0.000 rpn_box_reg=0.001] 0.33 it/s eta 2.0 min
    epoch 12/12 step 260/281 loss=0.2217 [box_reg=0.035 classifier=0.024 mask=0.162 objectness=0.000 rpn_box_reg=0.001] 0.34 it/s eta 1.0 min
    epoch 12/12 step 280/281 loss=0.2218 [box_reg=0.035 classifier=0.024 mask=0.162 objectness=0.000 rpn_box_reg=0.001] 0.34 it/s eta 0.0 min
  fold 4 epoch 12/12 done in 832s, mean loss 0.2218 [box_reg=0.0352 classifier=0.0235 mask=0.1618 objectness=0.0004 rpn_box_reg=0.0009]
  fold 4 checkpoint saved -> fold4.pt (epoch 12)
  fold 4 checkpoint -> /Users/seyonmacbook/WorkBuddy AI/妮娜皇后葡萄果粒着色阶段分级/outputs/checkpoints/fold4.pt

training complete. Next:
  make predict          # inference on testB
  make submission       # build + verify b_submission.zip
